assistedflash,assister_X,assister_Y,assister_Z,assister_active_weapon,assister_armor,assister_flash_duration,assister_flash_max_alpha,assister_has_helmet,assister_health,assister_is_airborne,assister_place,assister_name,assister_shots_fired,assister_spotted,assister_steamid,assister_side,assister_velocity_X,assister_velocity_Y,assister_velocity_Z,attacker_X,attacker_Y,attacker_Z,attacker_active_weapon,attacker_armor,attacker_flash_duration,attacker_flash_max_alpha,attacker_has_helmet,attacker_health,attacker_is_airborne,attacker_place,attacker_name,attacker_shots_fired,attacker_spotted,attacker_steamid,attacker_side,attacker_velocity_X,attacker_velocity_Y,attacker_velocity_Z,attackerblind,attackerinair,ct_side,distance,dmg_armor,dmg_health,dominated,headshot,hitgroup,noreplay,noscope,penetrated,revenge,t_side,thrusmoke,tick,victim_X,victim_Y,victim_Z,victim_active_weapon,victim_armor,victim_flash_duration,victim_flash_max_alpha,victim_has_helmet,victim_health,victim_is_airborne,victim_place,victim_name,victim_shots_fired,victim_spotted,victim_steamid,victim_side,victim_velocity_X,victim_velocity_Y,victim_velocity_Z,weapon,weapon_fauxitemid,weapon_itemid,weapon_originalowner_xuid,wipe,round_num
false,,,,,,,,,,,,,,,,,,,,-711.30286,-2322.3833,-178.30353,6177633,100,0.68279314,255.0,false,100,false,BombsiteA,HUASOPEEK,0,false,76561198319723208,ct,-32.527344,27.453125,-3.8867188,false,false,ct,28.148806,0,113,0,true,head,false,false,0,0,t,false,17722,16.630745,-1493.6322,-171.23169,11977526,100,0.0,255.0,false,100,false,BombsiteA,HObbit,0,true,76561198028292758,t,-62.81128,-202.05469,6.28125,usp_silencer,17293822569177546813,52591255071,"",0,1
false,,,,,,,,,,,,,,,,,,,,133.10358,-1914.2004,-39.96875,8422311,0,0.0,255.0,false,100,false,PalaceInterior,max,0,true,76561198242950384,ct,59.19336,37.429688,0.0,false,false,ct,9.738768,0,130,0,true,head,false,false,0,0,t,false,17887,26.237986,-2280.9927,-39.96875,7635883,93,0.0,255.0,false,84,false,PalaceInterior,slaxejezzz,0,true,76561198356252021,t,-96.54968,87.84375,0.0,usp_silencer,17293822569102704701,0,"",0,1
false,,,,,,,,,,,,,,,,,,,,-506.12122,-2351.996,-167.96875,6177633,100,4.3861265,255.0,false,100,false,BombsiteA,HUASOPEEK,0,false,76561198319723208,ct,220.1875,-32.703125,0.0,false,false,ct,20.47476,0,120,0,true,head,false,false,0,0,t,false,18064,-362.27246,-1556.3811,-167.96875,14025626,91,0.0,255.0,false,81,false,BombsiteA,xiELO,0,false,76561198141272052,t,115.109375,66.49219,0.0,usp_silencer,17293822569177546813,52591255071,"",0,1
false,,,,,,,,,,,,,,,,,,,,273.1759,-1505.1902,-175.96875,12829599,0,0.0,255.0,false,100,false,PalaceInterior,zweih,0,true,76561198210626739,t,94.4375,-69.40625,0.0,false,false,ct,16.207335,6,11,0,false,chest,false,false,0,0,t,false,18279,-324.6552,-1724.4214,-167.96875,10765173,100,0.0,255.0,false,2,false,BombsiteA,meyern,0,true,76561198195642865,ct,28.386719,-71.296875,0.0,glock,17293822569105195012,50157786107,"",0,1
false,,,,,,,,,,,,,,,,,,,,-532.58795,-1905.3232,-179.96875,7488479,95,0.0,255.0,false,91,false,BombsiteA,luchov,0,true,76561198067722198,ct,-36.585938,72.94531,0.0,false,false,ct,22.938633,0,99,0,true,head,false,false,0,0,t,false,18305,285.08688,-1522.6134,-175.96875,12829599,0,0.0,255.0,false,51,false,PalaceInterior,zweih,0,true,76561198210626739,t,33.29492,-69.66406,0.0,elite,17293822569102704642,0,"",0,1
false,,,,,,,,,,,,,,,,,,,,326.47742,-1519.7375,-175.96875,5784433,0,0.0,255.0,false,100,false,TRamp,Jame,0,true,76561198036125584,t,-53.689453,121.765625,0.0,false,false,ct,23.916515,5,10,0,false,right_arm,false,false,0,0,t,false,18355,-542.45715,-1882.4987,-179.96875,7488479,95,0.0,255.0,false,2,false,BombsiteA,luchov,0,true,76561198067722198,ct,-3.1289062,4.703125,0.0,glock,17293822569165815812,24626138627,"",0,1
false,,,,,,,,,,,,,,,,,,,,-636.21094,-353.8994,-159.96875,5784433,0,0.0,255.0,false,100,false,Catwalk,Jame,0,false,76561198036125584,t,-14.886719,1.1015625,0.0,false,false,ct,43.03417,0,69,0,true,head,false,false,0,0,t,false,20437,-760.8782,-2046.6512,-179.96875,6177633,100,0.0,255.0,false,31,false,BombsiteA,HUASOPEEK,0,true,76561198319723208,ct,55.882812,-101.71094,0.0,glock,17293822569165815812,24626138627,"",0,1
false,,,,,,,,,,,,,,,,,,,,-558.3867,-1450.6162,-163.96875,5784433,0,0.0,255.0,false,100,false,BombsiteA,Jame,0,true,76561198036125584,t,30.765625,74.88281,0.0,false,false,ct,18.189924,0,95,0,true,head,false,false,0,0,t,false,20835,-1261.2285,-1314.6785,-169.88074,5718861,100,0.0,255.0,false,5,false,CTSpawn,dgt,0,true,76561198216891576,ct,22.921875,108.57031,-8.761719,glock,17293822569165815812,24626138627,"",0,1
false,,,,,,,,,,,,,,,,,,,,-338.60718,-1589.1838,-167.96875,10765173,0,0.0,255.0,false,98,false,BombsiteA,max,0,true,76561198242950384,ct,-9.003906,1.265625,0.0,false,false,ct,6.9084797,0,133,0,true,head,false,false,0,0,t,false,20988,-449.31042,-1838.0576,-177.1543,5784433,0,0.0,255.0,false,100,false,BombsiteA,Jame,0,true,76561198036125584,t,183.64844,-105.71094,11.625,usp_silencer,17293822569177546813,52576952353,"",0,1
false,,,,,,,,,,,,,,,,,,,,425.12143,-1436.439,-175.96875,4374739,100,0.0,255.0,true,100,false,PalaceInterior,luchov,7,false,76561198067722198,ct,-44.64453,-2.0703125,0.0,false,false,ct,5.450243,0,24,0,false,chest,false,false,0,0,t,false,36141,430.13113,-1643.7587,-227.03064,2261351,0,0.0,255.0,false,2,false,TRamp,slaxejezzz,0,true,76561198356252021,t,-46.564453,-31.109375,23.28125,mp9,17293822569106702370,46450683787,"",0,2
false,,,,,,,,,,,,,,,,,,,,-14.236877,-1459.5558,-168.1449,6439104,100,0.0,255.0,true,100,false,BombsiteA,HUASOPEEK,1,false,76561198319723208,ct,17.152344,40.6875,-1.7148438,false,false,ct,15.802159,0,127,0,true,head,false,false,0,0,t,true,36220,544.2223,-1703.9972,-263.96875,7209364,0,0.0,255.0,false,100,false,PalaceAlley,xiELO,0,false,76561198141272052,t,-195.1875,-1.9140625,-9.046875,m4a1,17293822569191374864,52159726433,"",0,2
false,,,,,,,,,,,,,,,,,,,,339.46463,-1687.1522,-181.69739,5029979,0,0.0,255.0,false,52,false,TRamp,zweih,0,false,76561198210626739,t,148.0039,5.5859375,-74.00391,false,false,ct,6.5192027,7,13,0,false,right_arm,false,false,0,0,t,true,36308,391.41766,-1436.0626,-175.96875,3637655,50,0.0,255.0,true,10,false,PalaceInterior,luchov,0,false,76561198067722198,ct,-94.416016,0.0,0.0,glock,17293822569105195012,50157786107,"",0,2
false,,,,,,,,,,,,,,,,,,,,-617.7335,-1386.1631,-167.96875,11944138,77,0.0,255.0,true,57,false,BombsiteA,dgt,7,true,76561198216891576,ct,0.0,0.0,0.0,false,false,ct,9.8572,0,45,0,false,stomach,false,false,0,0,t,false,36688,-782.3466,-1034.339,-167.96875,3653757,0,0.0,255.0,false,19,false,Connector,HObbit,0,true,76561198028292758,t,-100.37109,-33.1875,0.0,m4a1_silencer,17293822569167192124,52258558415,"",0,2
false,,,,,,,,,,,,,,,,,,,,-1464.566,142.4528,-166.96875,11944138,77,0.0,255.0,true,57,false,BombsiteB,dgt,7,false,76561198216891576,ct,75.4375,-17.314453,0.0,false,false,ct,14.256483,0,123,0,true,head,false,false,0,0,t,false,38506,-1811.3153,584.7785,-168.73975,4374791,0,0.0,255.0,false,3,false,BombsiteB,Jame,0,true,76561198036125584,t,2.3046875,46.742188,-2.34375,m4a1_silencer,17293822569167192124,52258558415,"",0,2
false,391.41766,-1436.0626,-175.96875,16777215.0,0.0,0.0,255.0,false,0.0,false,PalaceInterior,luchov,0.0,false,76561198067722198,ct,0.0,0.0,0.0,-1376.4974,134.90486,-163.26147,11944138,69,0.0,255.0,true,32,false,BombsiteB,dgt,3,true,76561198216891576,ct,26.585938,33.374023,-1.234375,false,false,ct,21.32251,0,42,0,false,stomach,false,false,0,0,t,false,38946,-2044.3279,625.87085,-44.84375,4374739,0,0.0,255.0,false,18,true,Apartments,zweih,4,true,76561198210626739,t,-55.109375,-69.984375,-31.0,m4a1_silencer,17293822569167192124,52258558415,"",0,2
false,,,,,,,,,,,,,,,,,,,,-624.9845,-805.3225,-263.96875,6783977,66,0.8545519,255.0,true,73,false,Middle,dgt,4,false,76561198216891576,ct,1.453125,-9.2265625,0.0,false,false,ct,13.530009,19,89,0,true,head,false,false,0,0,t,false,41401,-100.471436,-722.2223,-220.16339,15172422,88,1.7720824,255.0,true,33,false,Middle,Jame,2,false,76561198036125584,t,0.5625,-4.1796875,-0.16796875,m4a1,17293822569122955280,51508198279,"",0,3
false,,,,,,,,,,,,,,,,,,,,30.26039,-1419.0089,-172.5946,10666934,70,0.0,255.0,true,23,false,PalaceInterior,HObbit,3,true,76561198028292758,t,-37.015747,24.9375,3.703125,false,false,ct,28.795725,4,33,0,false,stomach,false,false,0,0,t,false,42319,-591.3614,-2367.0574,-169.00177,6439104,90,0.0,255.0,true,11,false,BombsiteA,HUASOPEEK,2,true,76561198319723208,ct,24.628906,-18.0625,2.6992188,ak47,17293822569146941447,39085812900,"",0,3
false,-714.1174,-2170.1636,-179.96875,4374723.0,90.0,0.0,255.0,true,14.0,false,BombsiteA,meyern,0.0,false,76561198195642865,ct,0.66796875,-20.546875,0.0,-537.33234,-1504.6892,-39.96875,6783977,66,0.0,255.0,true,73,false,Stairs,dgt,1,false,76561198216891576,ct,0.0,0.0,0.0,false,false,ct,18.335936,4,22,0,false,chest,false,false,0,0,t,false,42471,151.32628,-1677.6702,-167.96875,6718099,86,0.0,255.0,true,21,false,PalaceInterior,zweih,0,true,76561198210626739,t,33.87207,-9.5703125,0.0,m4a1,17293822569122955280,51508198279,"",0,3
false,151.32628,-1677.6702,-167.96875,16777215.0,0.0,0.0,255.0,false,0.0,false,PalaceInterior,zweih,0.0,false,76561198210626739,t,0.0,0.0,0.0,-94.770386,-1455.6569,-69.175354,10814093,79,0.0,255.0,true,7,false,BombsiteA,xiELO,1,false,76561198141272052,t,-11.828125,7.2578125,0.0,false,false,ct,25.568535,3,26,0,false,right_arm,false,false,0,0,t,false,42605,-629.2659,-2304.643,-176.23438,4374723,90,0.0,255.0,true,14,false,BombsiteA,meyern,1,true,76561198195642865,ct,-56.410156,24.921875,-4.7226562,ak47,17293822569163063303,50929720047,"",0,3
false,-591.3614,-2367.0574,-169.00177,16777215.0,0.0,0.0,255.0,false,0.0,false,BombsiteA,HUASOPEEK,2.0,false,76561198319723208,ct,0.0,0.0,0.0,-624.5105,-2469.0586,-167.96875,11944138,100,0.0,255.0,true,100,false,BombsiteA,max,0,false,76561198242950384,ct,17.765625,-10.546875,0.0,false,false,ct,31.047443,4,22,0,false,chest,false,false,0,0,t,false,43880,19.247873,-1427.4111,-171.49341,10814093,79,0.0,255.0,true,7,false,BombsiteA,xiELO,0,false,76561198141272052,t,175.55115,-6.9375,-17.554688,m4a1_silencer,17293822569167192124,52258558415,"",0,3
false,,,,,,,,,,,,,,,,,,,,-761.90906,-2374.561,-175.91467,11944138,90,0.0,255.0,true,15,false,BombsiteA,max,8,false,76561198242950384,ct,-14.042969,16.453125,-2.0859375,false,false,ct,34.279564,4,22,0,false,chest,false,false,0,0,t,false,44074,245.56334,-1476.5535,-175.96875,7701137,84,0.0,255.0,true,22,false,PalaceInterior,slaxejezzz,9,true,76561198356252021,t,-18.75586,21.164062,0.0,m4a1_silencer,17293822569167192124,52258558415,"",0,3
false,,,,,,,,,,,,,,,,,,,,-1548.3424,863.9374,-7.96875,7701137,90,0.0,255.0,true,100,false,Apartments,max,4,true,76561198242950384,ct,61.0625,0.0,0.0,false,false,ct,5.439616,4,27,0,false,chest,false,false,0,0,t,false,56588,-1458.1143,669.84314,-47.96875,6472081,88,0.0,255.0,false,18,false,Apartments,slaxejezzz,1,true,76561198356252021,t,20.789062,9.84375,0.0,ak47,17293822569144582151,52467896681,"",0,4
false,,,,,,,,,,,,,,,,,,,,-1431.5148,677.7119,-47.96875,8257926,99,0.0,255.0,false,90,false,Apartments,xiELO,0,false,76561198141272052,t,-69.03125,-58.527344,0.0,false,false,ct,5.9409456,1,45,0,false,chest,false,false,0,0,t,false,56689,-1583.4725,854.6526,-15.980164,7701137,88,0.0,255.0,true,16,false,Apartments,max,8,false,76561198242950384,ct,5.5625,5.3515625,0.0,deagle,17293822569105129473,51518638862,"",0,4
false,,,,,,,,,,,,,,,,,,,,-2140.6973,831.9156,-123.20923,6718099,100,2.7646484,255.0,true,100,false,Truck,luchov,2,false,76561198067722198,ct,-0.203125,-2.0195312,-0.203125,false,false,ct,2.690988,5,34,0,false,stomach,false,false,0,0,t,false,56970,-2070.7864,821.86487,-44.27118,7701137,91,0.0,255.0,false,34,false,Apartments,xiELO,0,false,76561198141272052,t,-46.296875,-3.5195312,11.574219,ak47,17293822569114501127,52403717539,"",0,4
false,,,,,,,,,,,,,,,,,,,,-1934.3048,764.6734,-47.96875,10666934,70,0.0,255.0,true,100,false,Apartments,HObbit,7,true,76561198028292758,t,-6.9296875,-42.589844,0.0,false,false,ct,6.521044,16,110,0,true,head,false,false,0,0,t,false,57233,-2175.4502,803.0238,-126.24994,6718099,94,2.1926913,255.0,true,52,false,Truck,luchov,6,true,76561198067722198,ct,-8.53125,-45.640625,-6.5742188,ak47,17293822569146941447,39085812900,"",0,4
false,,,,,,,,,,,,,,,,,,,,-2165.1897,-198.20056,-167.24042,6783977,66,0.0,255.0,true,100,false,BombsiteB,dgt,2,false,76561198216891576,ct,0.0,0.0,0.0,false,false,ct,24.787605,18,87,0,true,head,false,false,0,0,t,false,57253,-1934.818,741.38904,-47.96875,10666934,66,0.0,255.0,true,79,false,Apartments,HObbit,11,true,76561198028292758,t,0.9921875,-19.761719,0.0,m4a1,17293822569122955280,51508198279,"",0,4
false,,,,,,,,,,,,,,,,,,,,-2142.199,-115.969604,-168.03864,6783977,60,0.0,255.0,true,47,false,BombsiteB,dgt,8,true,76561198216891576,ct,-5.765625,1.2773438,0.01171875,false,false,ct,22.125965,4,21,0,false,chest,false,false,0,0,t,false,57487,-1969.1371,729.2864,-47.96875,10666934,83,0.0,255.0,false,7,false,Apartments,Jame,4,true,76561198036125584,t,-8.015625,1.6914062,0.0,m4a1,17293822569122955280,51508198279,"",0,4
false,,,,,,,,,,,,,,,,,,,,-2267.7295,549.83307,-161.84564,6718099,100,0.0,255.0,false,100,false,BombsiteB,zweih,0,false,76561198210626739,t,35.875,-1.0585938,0.57421875,false,false,ct,28.594461,15,106,0,true,head,false,false,0,0,t,false,57586,-2300.641,-575.42456,-167.96875,6586776,100,0.0,255.0,true,100,false,Shop,meyern,1,false,76561198195642865,ct,6.484375,-1.3632812,0.0,ak47,17293822569114501127,52403717539,"",0,4
false,-1969.1371,729.2864,-47.96875,16777215.0,0.0,0.0,255.0,false,0.0,false,Apartments,Jame,4.0,true,76561198036125584,t,0.0,0.0,0.0,-1695.7223,742.2519,-47.96875,6718099,100,0.0,255.0,false,100,false,Apartments,zweih,0,true,76561198210626739,t,56.304688,27.007812,0.0,false,false,ct,23.84022,15,107,0,true,head,false,false,0,0,t,false,58093,-2350.038,80.600716,-161.56482,6783977,60,0.0,255.0,true,47,false,BombsiteB,dgt,0,true,76561198216891576,ct,-18.359375,17.31836,15.0234375,ak47,17293822569114501127,52403717539,"",0,4
false,,,,,,,,,,,,,,,,,,,,-2539.1052,332.47113,-167.96875,6718099,82,0.0,255.0,false,5,false,BombsiteB,zweih,2,false,76561198210626739,t,1.140625,6.9804688,0.0,false,false,ct,33.693302,4,33,0,false,stomach,false,false,0,0,t,false,59188,-1227.5814,133.55821,-168.86548,6389931,92,0.0,255.0,true,28,false,Catwalk,HUASOPEEK,0,false,76561198319723208,ct,10.4375,65.60449,-5.953125,ak47,17293822569114501127,52403717539,"",0,4
false,,,,,,,,,,,,,,,,,,,,-622.7296,-345.18713,-160.5304,16122434,100,0.0,255.0,true,100,false,Catwalk,HObbit,3,false,76561198028292758,t,18.480469,-0.5078125,-8.2109375,false,false,ct,22.620872,4,33,0,false,stomach,false,false,0,0,t,true,62010,-647.8959,-1235.1698,-167.96875,12714608,92,0.0,255.0,false,33,false,Connector,dgt,0,false,76561198216891576,ct,-55.554688,5.609375,0.0,ak47,17293822569170534407,26522352291,"",0,5
false,-1929.192,615.4799,-167.96875,6439517.0,100.0,0.0,255.0,false,100.0,false,BombsiteB,max,9.0,false,76561198242950384,ct,38.453125,49.195312,0.0,-1248.2621,409.44214,-167.96875,12059284,100,0.0,255.0,false,100,false,Catwalk,luchov,5,true,76561198067722198,ct,-0.6640625,-4.5703125,0.0,false,false,ct,14.925149,5,24,0,false,chest,false,false,0,0,t,false,62279,-1830.9374,485.4223,-167.96875,2933661,84,0.0,255.0,true,22,false,BombsiteB,zweih,0,true,76561198210626739,t,-13.1640625,-30.611328,0.0,m4a1_silencer,17293822569167192124,52258558415,"",0,5
false,,,,,,,,,,,,,,,,,,,,-1561.38,797.977,-47.96875,6586776,100,0.0,255.0,true,100,false,Apartments,Jame,0,true,76561198036125584,t,0.0,0.0,0.0,false,false,ct,37.852924,1,108,0,false,chest,false,false,0,0,t,false,62411,-2002.3698,-621.9004,-167.96875,3212209,100,0.0,255.0,false,100,false,Shop,meyern,0,true,76561198195642865,ct,-10.359375,2.9960938,0.0,awp,17293822569102704649,0,"",0,5
false,,,,,,,,,,,,,,,,,,,,215.65578,-350.21954,-167.13556,4391175,91,0.0,255.0,false,19,false,TopofMid,luchov,3,true,76561198067722198,ct,-4.6376953,0.546875,-0.00390625,false,false,ct,15.560553,4,19,0,false,chest,false,false,0,0,t,false,74958,288.803,251.89813,-261.31104,13287514,48,0.0,255.0,true,1,false,SideAlley,HObbit,3,true,76561198028292758,t,-32.714844,4.5585938,-1.0390625,famas,17293822569102704650,0,"",0,6
false,-1017.95026,-2332.8381,-167.96875,2933661.0,100.0,0.0,255.0,false,100.0,false,CTSpawn,dgt,7.0,true,76561198216891576,ct,0.0,0.0,0.0,-629.6519,-2400.0522,-167.96875,4391175,91,0.0,255.0,false,19,false,BombsiteA,luchov,3,true,76561198067722198,ct,4.3398438,-9.875,0.0,false,false,ct,20.231342,4,19,0,false,chest,false,false,0,0,t,true,77936,85.29585,-2073.6836,-39.96875,4408207,47,0.0,255.0,true,1,false,PalaceInterior,xiELO,8,true,76561198141272052,t,-9.624023,21.15625,0.0,famas,17293822569102704650,0,"",0,6
false,-629.57886,-2400.218,-167.96875,4391175.0,91.0,0.0,255.0,false,19.0,false,BombsiteA,luchov,4.0,true,76561198067722198,ct,4.6757812,-10.609375,0.0,28.501278,-1951.4485,-167.96875,12714608,100,0.0,255.0,true,100,false,BombsiteA,HUASOPEEK,3,false,76561198319723208,ct,0.0,0.0,0.0,false,false,ct,8.098729,4,22,0,false,chest,false,false,0,0,t,false,77937,-144.19507,-2219.1216,-167.96875,2458556,47,0.0,255.0,true,10,false,BombsiteA,slaxejezzz,4,true,76561198356252021,t,-3.3984375,20.734375,0.0,m4a1,17293822569102704656,0,"",0,6
false,,,,,,,,,,,,,,,,,,,,-877.7794,-1381.9961,-167.96875,3212209,100,0.0,255.0,false,100,false,Jungle,meyern,0,false,76561198195642865,ct,-32.367188,-23.71875,0.0,false,false,ct,29.848001,1,109,0,false,chest,false,false,0,0,t,false,78004,68.84942,-2060.5095,-39.96875,16122434,100,0.0,255.0,true,100,false,PalaceInterior,zweih,0,false,76561198210626739,t,-7.67334,213.9375,0.0,awp,17293822569120989193,45150629644,"",0,6
false,,,,,,,,,,,,,,,,,,,,-862.04114,-422.98376,-163.07996,2458556,100,0.0,255.0,true,100,false,Underpass,max,3,true,76561198242950384,ct,0.0,0.0,0.0,false,false,ct,13.304812,15,109,0,true,head,false,false,0,0,t,false,88955,-479.28186,-764.68176,-258.83923,9699515,91,0.0,255.0,true,19,false,Middle,zweih,2,true,76561198210626739,t,20.546875,26.082031,-2.2929688,ak47,17293822569144582151,52467896681,"",0,7
false,,,,,,,,,,,,,,,,,,,,50.40163,-1431.3513,-174.60876,16122434,90,0.0,255.0,true,12,false,PalaceInterior,HUASOPEEK,4,true,76561198319723208,ct,2.9797363,-0.1328125,-0.296875,false,false,ct,11.966073,15,109,0,true,head,false,false,0,0,t,false,89079,23.368149,-1884.737,-39.96875,9028341,94,0.0,255.0,true,46,false,Scaffolding,HObbit,7,true,76561198028292758,t,-20.299194,1.09375,0.0,ak47,17293822569170534407,26522352291,"",0,7
false,23.077166,-1884.7207,-39.96875,16777215.0,0.0,0.0,255.0,false,0.0,false,Scaffolding,HObbit,7.0,true,76561198028292758,t,0.0,0.0,0.0,-18.914429,-1894.0948,-39.96875,10486475,100,0.0,255.0,true,100,false,Scaffolding,slaxejezzz,0,false,76561198356252021,t,-12.402344,89.90625,0.0,false,false,ct,12.664199,3,27,0,false,chest,false,false,0,0,t,false,89194,110.66876,-1434.4978,-175.96875,16122434,90,0.0,255.0,true,12,false,PalaceInterior,HUASOPEEK,1,false,76561198319723208,ct,-95.035645,-109.34375,0.0,ak47,17293822569144582151,52467896681,"",0,7
false,,,,,,,,,,,,,,,,,,,,-709.3859,-2201.6355,-179.96875,3212209,100,0.0,255.0,true,100,false,BombsiteA,meyern,0,false,76561198195642865,ct,3.1992188,-7.09375,0.0,false,false,ct,19.52634,1,138,0,false,stomach,false,false,0,0,t,false,89197,-17.954407,-1890.9749,-39.96875,10486475,100,0.0,255.0,true,100,false,Scaffolding,slaxejezzz,1,true,76561198356252021,t,32.347656,56.546875,0.0,awp,17293822569120989193,45150629644,"",0,7
false,,,,,,,,,,,,,,,,,,,,-781.2557,-918.63715,-167.96875,3212209,100,0.0,255.0,true,100,false,Connector,meyern,0,false,76561198195642865,ct,0.0,0.0,0.0,false,false,ct,36.90147,5,435,0,true,head,false,false,0,0,t,false,94162,399.17325,-72.6272,-182.94275,6586776,59,0.0,255.0,true,84,false,TopofMid,Jame,0,false,76561198036125584,t,-8.205078,6.15625,-2.09375,awp,17293822569120989193,45150629644,"",0,8
false,,,,,,,,,,,,,,,,,,,,396.95358,180.35051,-249.72882,2933661,90,0.0,255.0,true,84,false,SideAlley,dgt,0,false,76561198216891576,ct,-50.277344,1.1806641,-7.6484375,false,false,ct,8.337248,9,62,0,true,head,false,false,1,0,t,false,97001,408.98526,503.356,-263.2079,6095378,62,0.0,255.0,true,41,false,SideAlley,HObbit,0,false,76561198028292758,t,-12.865234,-157.92383,-0.9453125,ak47,17293822569114501127,52403717539,"",0,8
false,-2494.553,220.03172,-167.7666,2458556.0,100.0,0.0,255.0,true,100.0,false,BombsiteB,max,0.0,false,76561198242950384,ct,0.0,0.0,0.0,-894.64557,-458.14612,-93.96875,4408207,100,0.0,255.0,true,100,false,Catwalk,luchov,5,true,76561198067722198,ct,7.1757812,-13.7421875,0.0,false,false,ct,6.5207996,16,110,0,true,head,false,false,0,0,t,false,97603,-1027.6371,-549.7866,-287.96875,15336332,61,0.0,255.0,true,34,false,Middle,xiELO,1,true,76561198141272052,t,-19.960938,36.09375,0.0,ak47,17293822569163063303,50929720047,"",0,8
true,-888.6452,-2301.63,-168.6388,15336332.0,100.0,0.0,255.0,true,100.0,false,BombsiteA,HUASOPEEK,0.0,false,76561198319723208,ct,-24.375,-113.859375,7.2265625,-799.9239,-916.2116,-167.96875,3212209,100,0.0,255.0,true,100,false,Middle,meyern,0,false,76561198195642865,ct,0.0,0.0,0.0,false,false,ct,30.952333,1,109,0,false,chest,false,false,0,0,t,true,104629,193.98076,-216.6206,-79.9375,6586776,100,3.5907536,255.0,false,100,false,TopofMid,Jame,0,false,76561198036125584,t,-0.39453125,1.1640625,0.0,awp,17293822569120989193,45150629644,"",0,9
false,-1033.6323,-716.3245,-209.9375,10699640.0,81.0,0.0,255.0,true,71.0,false,Middle,zweih,2.0,false,76561198210626739,t,-2.2109375,0.7421875,0.0,-1039.9619,-698.1674,-263.96875,9896574,93,0.0,255.0,true,90,false,Middle,xiELO,0,false,76561198141272052,t,0.0,0.0,0.0,false,false,ct,10.660662,13,91,0,true,head,false,false,0,0,t,false,107652,-892.8223,-321.5454,-166.16858,4408207,94,0.0,255.0,true,46,false,Underpass,luchov,0,true,76561198067722198,ct,2.5234375,37.875,-1.5546875,galilar,17293822569116860429,49363953501,"",0,9
false,,,,,,,,,,,,,,,,,,,,-689.1993,-1080.54,-191.69507,2933661,90,0.0,255.0,true,100,false,Connector,dgt,4,false,76561198216891576,ct,31.347656,-7.75,3.875,false,false,ct,18.78813,3,27,0,false,chest,false,false,0,0,t,true,107931,-520.3264,-360.88806,-167.3125,10502724,91,0.0,255.0,true,19,false,Catwalk,HObbit,4,false,76561198028292758,t,-22.226562,4.859375,-0.703125,ak47,17293822569114501127,52403717539,"",0,9
false,,,,,,,,,,,,,,,,,,,,-2216.2612,-240.00012,-163.98212,10699640,81,0.0,255.0,true,71,false,BombsiteB,zweih,1,true,76561198210626739,t,45.890625,-19.585938,2.7929688,false,false,ct,23.280832,3,26,0,false,chest,false,false,0,0,t,false,109010,-1930.6954,629.95624,-167.96875,2458556,90,0.0,255.0,true,24,false,BombsiteB,max,0,true,76561198242950384,ct,-96.02344,-0.875,0.0,ak47,17293822569170534407,26522352291,"",0,9
false,,,,,,,,,,,,,,,,,,,,-1872.0377,-304.0589,-167.96875,2933661,90,0.0,255.0,true,100,false,Shop,dgt,3,false,76561198216891576,ct,0.0,0.0,0.0,false,false,ct,7.1655827,2,14,0,false,chest,false,false,1,0,t,false,109787,-2124.9727,-181.27783,-168.28564,10699640,59,0.0,255.0,true,1,false,BombsiteB,zweih,0,false,76561198210626739,t,4.390625,-46.867188,3.1992188,ak47,17293822569114501127,52403717539,"",0,9
false,,,,,,,,,,,,,,,,,,,,-1890.2737,629.05884,-167.96875,9896574,89,0.0,255.0,true,57,false,BombsiteB,xiELO,4,true,76561198141272052,t,12.203125,-4.8945312,0.0,false,false,ct,18.73888,13,90,0,true,head,false,false,0,0,t,false,110278,-2160.1648,-57.433167,-167.94641,15336332,93,0.0,255.0,true,44,false,BombsiteB,HUASOPEEK,3,true,76561198319723208,ct,0.0,0.0,0.0,galilar,17293822569116860429,49363953501,"",0,9
false,,,,,,,,,,,,,,,,,,,,-1755.0999,630.06696,-168.18335,9896574,89,0.0,255.0,true,57,false,BombsiteB,xiELO,2,false,76561198141272052,t,-8.8828125,0.62109375,0.0703125,false,false,ct,21.501694,13,89,0,true,head,false,false,0,0,t,false,110379,-1810.1929,-214.56018,-167.86505,2933661,87,0.0,255.0,true,78,false,BombsiteB,dgt,1,false,76561198216891576,ct,-11.765625,5.0117188,0.05859375,galilar,17293822569116860429,49363953501,"",0,9
false,,,,,,,,,,,,,,,,,,,,228.83661,-313.08386,-167.27222,2933661,100,0.0,255.0,true,100,false,TopofMid,HObbit,0,false,76561198028292758,t,-30.240234,41.14453,-0.765625,false,false,ct,26.389664,15,107,0,true,head,false,false,0,0,t,true,118363,-666.91907,-835.3326,-256.78125,16712103,100,0.0,255.0,true,100,true,Middle,dgt,0,false,76561198216891576,ct,28.265625,-221.54688,285.0,ak47,17293822569114501127,52403717539,"",0,10
false,,,,,,,,,,,,,,,,,,,,35.681026,-2303.082,-39.96875,12878818,100,0.0,255.0,true,99,false,PalaceInterior,HUASOPEEK,1,false,76561198319723208,ct,20.2417,-14.515625,0.0,false,false,ct,12.213779,19,89,0,true,head,false,false,0,0,t,false,120016,511.02875,-2243.9722,-39.96875,10633822,54,0.0,255.0,true,78,false,PalaceInterior,slaxejezzz,0,false,76561198356252021,t,-67.046875,40.578125,0.0,m4a1,17293822569191374864,52159726433,"",0,10
false,,,,,,,,,,,,,,,,,,,,303.5885,-1527.1818,-175.96875,13582542,70,0.0,255.0,true,100,false,TRamp,xiELO,2,true,76561198141272052,t,-0.115234375,-19.203125,0.0,false,false,ct,19.196947,3,27,0,false,chest,false,false,0,0,t,false,120112,-437.6079,-1530.9366,-39.96875,15352821,94,0.0,255.0,false,21,false,Stairs,luchov,2,true,76561198067722198,ct,0.625,-55.898438,0.0,ak47,17293822569163063303,50929720047,"",0,10
false,,,,,,,,,,,,,,,,,,,,-450.91113,-2308.8352,-167.96875,3212209,91,0.0,255.0,true,100,false,BombsiteA,meyern,0,false,76561198195642865,ct,21.851562,4.09375,0.0,false,false,ct,28.416426,1,137,0,false,stomach,false,false,0,0,t,false,120504,-667.75726,-1211.0292,-167.96875,2933661,100,0.0,255.0,true,100,false,Connector,HObbit,0,true,76561198028292758,t,-81.99609,-8.0078125,0.0,awp,17293822569120989193,45150629644,"",0,10
false,,,,,,,,,,,,,,,,,,,,-820.7749,-1306.7377,-167.96875,10159057,100,0.0,255.0,true,100,false,Jungle,zweih,0,false,76561198210626739,t,16.773438,-13.8125,0.0,false,false,ct,27.130514,15,106,0,true,head,false,false,0,0,t,false,120505,-450.92383,-2308.838,-167.96875,3212209,91,0.0,255.0,true,100,false,BombsiteA,meyern,1,false,76561198195642865,ct,-0.8125,-0.171875,0.0,ak47,17293822569144582151,52467896681,"",0,10
false,,,,,,,,,,,,,,,,,,,,98.52657,-2046.693,-167.96875,12878818,100,0.0,255.0,true,95,false,PalaceInterior,HUASOPEEK,5,true,76561198319723208,ct,8.916504,15.484375,0.0,false,false,ct,29.54005,0,23,0,false,right_leg,false,false,0,0,t,false,120618,-904.93146,-1458.771,-167.96875,10159057,82,0.0,255.0,true,14,false,Jungle,zweih,4,true,76561198210626739,t,14.136719,24.734375,0.0,m4a1,17293822569191374864,52159726433,"",0,10
false,,,,,,,,,,,,,,,,,,,,-138.33704,-1789.0354,-167.96875,13582542,63,0.0,255.0,true,60,false,BombsiteA,xiELO,3,true,76561198141272052,t,19.300781,18.242188,0.0,false,false,ct,9.179775,15,110,0,true,head,false,false,0,0,t,false,120711,106.90493,-2054.4465,-167.96875,12878818,100,0.0,255.0,true,95,false,PalaceInterior,HUASOPEEK,4,true,76561198319723208,ct,4.9023438,4.625,0.0,ak47,17293822569163063303,50929720047,"",0,10
false,106.99092,-2054.3652,-167.96875,16777215.0,0.0,0.0,255.0,false,0.0,false,PalaceInterior,HUASOPEEK,4.0,false,76561198319723208,ct,0.0,0.0,0.0,-1049.5743,-2400.374,-167.96875,7816146,100,0.0,255.0,true,100,false,CTSpawn,max,7,false,76561198242950384,ct,0.0,0.0,0.0,false,false,ct,25.58563,4,21,0,false,right_arm,false,false,0,0,t,false,120847,-145.93555,-1956.2269,-114.125,6947189,55,0.0,255.0,true,17,true,BombsiteA,xiELO,0,true,76561198141272052,t,88.24219,-81.86719,-50.0,m4a1,17293822569134161936,10901627135,"",0,10
false,,,,,,,,,,,,,,,,,,,,-705.5735,-928.49963,-219.71521,6586776,96,0.0,255.0,true,18,false,Middle,Jame,0,false,76561198036125584,t,0.0,0.0,0.0,false,false,ct,28.811203,5,438,0,true,head,false,false,0,0,t,false,122814,-437.9519,-2030.427,-179.96875,7816146,100,0.0,255.0,true,100,false,BombsiteA,max,0,false,76561198242950384,ct,0.0,0.0,0.0,awp,17293822569102704649,0,"",0,10
false,,,,,,,,,,,,,,,,,,,,-783.63074,-1232.7598,-167.96875,12321456,100,0.0,255.0,false,98,false,Connector,dgt,1,false,76561198216891576,ct,-13.7421875,3.8671875,0.0,false,false,ct,4.509758,4,22,0,false,chest,false,false,0,0,t,true,131172,-756.62213,-1057.9958,-167.96875,3179476,83,0.0,255.0,true,13,false,Connector,zweih,0,false,76561198210626739,t,-18.019531,-20.703125,0.0,m4a1,17293822569122955280,51508198279,"",0,11
false,,,,,,,,,,,,,,,,,,,,-27.233032,-1676.1473,-167.96875,10093486,91,0.0,255.0,false,18,false,BombsiteA,luchov,3,true,76561198067722198,ct,21.445312,-35.351562,0.0,false,false,ct,8.709271,19,88,0,true,head,false,false,0,0,t,false,132825,275.7798,-1516.6378,-175.96875,1180324,92,0.0,255.0,true,70,false,TRamp,HObbit,3,true,76561198028292758,t,16.267578,-28.28125,0.0,m4a1_silencer,17293822569167192124,52258558415,"",0,11
false,,,,,,,,,,,,,,,,,,,,-1763.84,698.0035,-47.96875,6210484,100,0.0,255.0,true,100,false,Apartments,xiELO,0,false,76561198141272052,t,-14.421875,135.48047,0.0,false,false,ct,15.006191,20,30,0,false,generic,false,false,0,0,t,false,133068,-1269.7137,400.63156,-167.96875,11698785,92,0.0,255.0,false,29,false,BombsiteB,max,2,false,76561198242950384,ct,-18.085938,-38.80664,0.0,hegrenade,"","","",0,11
false,,,,,,,,,,,,,,,,,,,,-2388.3254,619.35254,-78.96875,5227229,100,0.0,255.0,false,100,false,BombsiteB,meyern,0,true,76561198195642865,ct,-3.71875,17.171875,0.0,false,false,ct,21.158524,1,110,0,false,chest,false,false,0,0,t,false,133497,-1569.5223,771.9788,-47.96875,6586776,96,0.0,255.0,true,100,false,Apartments,Jame,0,true,76561198036125584,t,0.0,0.0,0.0,awp,17293822569116598281,51625669407,"",0,11
false,,,,,,,,,,,,,,,,,,,,-2204.8472,709.153,-39.71875,6210484,100,0.0,255.0,true,100,false,Truck,xiELO,5,false,76561198141272052,t,-37.734375,13.515625,0.0,false,false,ct,5.526212,0,142,0,true,head,false,false,0,0,t,false,133527,-2382.2197,586.39606,-76.21875,5227229,88,0.0,255.0,false,18,true,BombsiteB,meyern,0,true,76561198195642865,ct,11.859375,-66.515625,-93.0,ak47,17293822569163063303,50929720047,"",0,11
false,-837.567,22.532549,-167.68286,607010.0,97.0,0.0,255.0,true,74.0,false,Catwalk,HUASOPEEK,0.0,false,76561198319723208,ct,16.132812,116.176636,3.796875,-1541.4083,682.83936,-47.96875,3179476,100,0.0,255.0,false,98,false,Apartments,dgt,5,false,76561198216891576,ct,0.0,0.0,0.0,false,false,ct,18.512707,0,26,0,false,left_leg,false,false,0,0,t,false,134421,-2234.261,489.3617,-167.96875,6210484,86,0.0,255.0,true,3,false,BombsiteB,xiELO,1,true,76561198141272052,t,-31.5625,-24.201172,0.0,ak47,17293822569114501127,52403717539,"",0,11
false,,,,,,,,,,,,,,,,,,,,-2035.0702,697.61755,-47.96875,13877651,68,0.0,255.0,true,51,false,Apartments,xiELO,0,true,76561198141272052,t,72.21875,125.80469,0.0,false,false,ct,6.136611,6,178,0,true,head,false,false,0,0,t,false,141075,-1860.6796,584.93695,-167.96875,1180324,100,0.0,255.0,true,100,false,BombsiteB,max,1,true,76561198242950384,ct,-107.69531,-59.503906,0.0,deagle,17293822569105129473,51518638862,"",0,12
false,,,,,,,,,,,,,,,,,,,,-818.8138,182.46323,-173.28699,14533254,85,0.0,255.0,false,56,false,Underpass,luchov,2,false,76561198067722198,ct,11.105469,33.92871,1.546875,false,false,ct,30.102972,17,79,0,true,head,false,false,0,0,t,false,141233,-1955.4536,520.47003,-165.71875,1180324,92,0.0,255.0,true,54,false,BombsiteB,zweih,0,true,76561198210626739,t,-41.796875,-46.359375,0.0,m4a1_silencer,17293822569167192124,52258558415,"",0,12
false,-1110.5826,411.0927,-79.96875,13598926.0,71.0,0.0,255.0,true,40.0,false,Apartments,HObbit,0.0,false,76561198028292758,t,0.0,0.0,0.0,-1987.8813,303.69504,-159.96875,8945848,96,0.0,255.0,true,78,false,BombsiteB,Jame,3,false,76561198036125584,t,5.046875,81.865234,0.0,false,false,ct,31.452398,0,21,0,false,left_leg,false,false,0,0,t,false,141680,-752.1152,226.44449,-172.17822,14533254,81,1.6937263,255.0,false,7,false,Underpass,luchov,0,true,76561198067722198,ct,-1.0546875,-9.045898,-0.19921875,galilar,17293822569116860429,49363953501,"",0,12
false,,,,,,,,,,,,,,,,,,,,-736.05194,106.320786,-143.96875,7832530,97,0.0,255.0,false,77,false,Catwalk,dgt,5,true,76561198216891576,ct,0.6953125,20.79248,0.0,false,false,ct,32.188675,5,26,0,false,stomach,false,false,0,0,t,false,141740,-1983.926,327.48608,-159.96875,8945848,82,0.0,255.0,true,3,false,BombsiteB,Jame,2,true,76561198036125584,t,5.046875,26.246094,0.0,m4a1,17293822569122955280,51508198279,"",0,12
false,,,,,,,,,,,,,,,,,,,,-2032.4971,697.5903,-47.96875,9864131,96,2.7281604,255.0,true,100,false,Apartments,slaxejezzz,1,true,76561198356252021,t,0.0,0.0,0.0,false,false,ct,37.401386,3,21,0,false,right_arm,false,false,0,0,t,false,141786,-741.6401,-2.4310303,-143.96875,6210484,85,0.0,255.0,true,13,false,Catwalk,HUASOPEEK,0,false,76561198319723208,ct,3.5585938,6.4296875,0.0,galilar,17293822569154478093,41265223485,"",0,12
false,,,,,,,,,,,,,,,,,,,,-2012.5726,685.2301,-47.27533,9864131,96,0.0,255.0,true,78,false,Apartments,slaxejezzz,6,true,76561198356252021,t,12.7109375,23.738281,-5.9335938,false,false,ct,36.431843,3,21,0,false,chest,false,false,0,0,t,false,141944,-737.6128,35.19638,-143.96875,7832530,88,0.0,255.0,false,5,false,Catwalk,dgt,5,true,76561198216891576,ct,0.0,0.0,0.0,galilar,17293822569154478093,41265223485,"",0,12
false,-1938.3866,259.38617,-159.96875,1180324.0,70.0,0.0,255.0,true,38.0,false,BombsiteB,HObbit,0.0,false,76561198028292758,t,69.21094,-41.625,0.0,-2338.4417,122.322685,-167.96875,13877651,63,0.0,255.0,true,22,false,BombsiteB,xiELO,0,false,76561198141272052,t,152.34375,28.210938,0.0,false,false,ct,5.127261,6,181,0,true,head,false,false,0,0,t,false,143621,-2353.4094,-76.94116,-165.87122,6586776,93,0.0,255.0,true,51,false,BombsiteB,meyern,0,false,76561198195642865,ct,21.453125,40.007812,-4.3046875,deagle,17293822569105129473,51518638862,"",0,12
false,,,,,,,,,,,,,,,,,,,,5.8636503,-1922.7418,-167.96875,9470864,100,0.0,255.0,false,100,false,BombsiteA,slaxejezzz,0,false,76561198356252021,ct,-225.26971,48.507812,0.0,false,false,ct,9.913337,0,130,0,true,head,false,false,0,0,t,false,158022,-161.65857,-2278.3176,-167.96875,9453789,91,0.0,255.0,false,82,false,BombsiteA,HUASOPEEK,0,true,76561198319723208,t,-97.47266,-24.34375,0.0,usp_silencer,17293822569196486717,52565656904,"",0,13
false,,,,,,,,,,,,,,,,,,,,125.26988,-1992.4985,-167.96875,3146409,84,0.0,255.0,false,65,false,PalaceInterior,luchov,0,true,76561198067722198,t,-88.07373,-80.578125,0.0,false,false,ct,2.0585904,0,117,0,true,head,false,false,0,0,t,false,158156,89.49313,-1922.2043,-167.96875,9470864,100,0.0,255.0,false,100,false,BombsiteA,slaxejezzz,0,true,76561198356252021,ct,36.719727,-55.375,0.0,glock,17293822569181872132,52158655151,"",0,13
false,,,,,,,,,,,,,,,,,,,,-1235.2593,-1234.1805,-167.96875,12124722,100,0.0,255.0,false,100,false,CTSpawn,Jame,0,true,76561198036125584,ct,19.335938,26.625,0.0,false,false,ct,41.125637,0,103,0,true,head,false,false,0,0,t,false,158195,67.114845,-2188.1753,-39.96875,15893120,100,0.0,255.0,false,100,false,PalaceInterior,meyern,0,true,76561198195642865,t,-103.93994,-172.34375,0.0,usp_silencer,17293822569174925373,24292220794,"",0,13
false,,,,,,,,,,,,,,,,,,,,-885.66187,-2312.64,-168.41467,819922,93,0.0,255.0,false,86,false,BombsiteA,max,0,false,76561198242950384,t,19.585938,104.9375,-6.40625,false,false,ct,17.67193,0,95,0,true,head,false,false,0,0,t,false,159607,-1565.5453,-2191.0732,-252.24121,5881961,94,0.0,255.0,false,89,false,CTSpawn,zweih,1,false,76561198210626739,ct,19.078125,92.109375,-1.609375,glock,17293822569102704644,0,"",0,13
false,,,,,,,,,,,,,,,,,,,,-766.1804,-569.17883,-266.3542,8520215,100,0.0,255.0,false,100,false,Middle,xiELO,0,true,76561198141272052,ct,138.5039,61.648438,-5.9179688,false,false,ct,14.524366,0,125,0,true,head,false,false,0,0,t,false,159962,-550.9276,-1089.5223,-167.96875,5603965,93,0.0,255.0,false,85,false,Connector,dgt,1,true,76561198216891576,t,-106.64453,-51.601562,0.0,usp_silencer,17293822569135734845,45080861782,"",0,13
false,,,,,,,,,,,,,,,,,,,,-608.258,-921.4168,-223.25665,8520215,100,0.0,255.0,false,100,false,Middle,xiELO,0,false,76561198141272052,ct,-12.238281,83.42578,-41.714844,false,false,ct,20.990236,0,120,0,true,head,false,false,0,0,t,false,160165,-795.8075,-1721.3046,-151.9339,819922,92,0.0,255.0,false,84,false,BombsiteA,max,0,false,76561198242950384,t,-30.152344,7.921875,0.0,usp_silencer,17293822569135734845,45080861782,"",0,13
false,,,,,,,,,,,,,,,,,,,,-206.03815,-1954.5519,-167.96875,3146409,69,0.0,255.0,false,30,false,BombsiteA,luchov,0,true,76561198067722198,t,47.05078,-141.69531,0.0,false,false,ct,20.187962,0,92,0,true,head,false,false,0,0,t,false,160214,-889.90857,-2357.566,-167.96875,7127729,0,0.0,255.0,false,40,false,CTSpawn,HObbit,0,true,76561198028292758,ct,175.47656,-147.75,0.0,glock,17293822569181872132,52158655151,"",0,13
false,,,,,,,,,,,,,,,,,,,,-150.58484,-2100.2373,-167.96875,3146409,69,3.7646155,255.0,false,30,false,BombsiteA,luchov,0,true,76561198067722198,t,-21.019531,-24.53125,0.0,false,false,ct,12.273357,0,102,0,true,head,false,false,0,0,t,false,160499,-487.8402,-1760.0342,-177.11145,8520215,100,0.0,255.0,false,100,false,BombsiteA,xiELO,0,false,76561198141272052,ct,-2.9257812,-225.14844,-10.265625,glock,17293822569181872132,52158655151,"",0,13
false,,,,,,,,,,,,,,,,,,,,-114.03473,-2216.203,-167.96875,3146409,69,0.0,255.0,false,30,false,BombsiteA,luchov,0,true,76561198067722198,t,1.8046875,81.40625,0.0,false,false,ct,12.713107,0,102,0,true,head,false,false,0,0,t,false,160864,-371.49683,-1785.5966,-167.96875,12124722,93,0.0,255.0,false,88,false,BombsiteA,Jame,0,true,76561198036125584,ct,63.796875,69.3125,4.7304688,glock,17293822569181872132,52158655151,"",0,13
false,,,,,,,,,,,,,,,,,,,,273.65823,-1470.0488,-175.96875,15696534,94,0.0,255.0,true,79,false,TRamp,HUASOPEEK,4,false,76561198319723208,t,-28.298828,24.554688,0.0,false,false,ct,13.013052,0,90,0,true,head,false,false,1,0,t,false,164191,-50.51001,-1866.725,-167.96875,3735959,0,0.0,255.0,false,71,false,BombsiteA,HObbit,0,false,76561198028292758,ct,39.51172,-33.0,0.0,galilar,17293822569130754061,51740217357,"",0,14
false,-302.4596,-1609.2001,-167.96875,15696534.0,94.0,0.0,255.0,true,79.0,false,BombsiteA,HUASOPEEK,4.0,false,76561198319723208,t,23.242188,19.695312,0.0,26.760923,-2311.4712,-39.96875,9388837,97,0.0,255.0,true,79,false,PalaceInterior,dgt,1,false,76561198216891576,t,-45.661987,56.28125,0.0,false,false,ct,6.724763,0,29,0,false,chest,false,false,0,0,t,true,164962,73.87669,-2050.7773,-39.96875,4408020,0,0.0,255.0,false,25,false,PalaceInterior,xiELO,4,false,76561198141272052,ct,-24.669434,7.609375,0.0,galilar,17293822569130754061,38831224886,"",0,14
false,-304.49445,-1579.474,-167.96875,15696534.0,85.0,0.0,255.0,true,60.0,false,BombsiteA,HUASOPEEK,0.0,false,76561198319723208,t,-11.089844,-60.828125,0.0,-58.22113,-2073.2593,-167.96875,6471851,100,0.0,255.0,true,100,false,BombsiteA,max,3,false,76561198242950384,t,5.3984375,-13.171875,0.0,false,false,ct,8.250549,0,35,0,false,chest,false,false,0,0,t,false,165055,-359.58136,-2196.2563,-173.88275,15254342,0,0.0,255.0,false,6,false,BombsiteA,slaxejezzz,0,true,76561198356252021,ct,-39.73828,5.078125,-2.2148438,ak47,17293822569196093447,52158661684,"",0,14
false,,,,,,,,,,,,,,,,,,,,-186.30505,-2186.3171,-167.96875,6471851,69,0.0,255.0,true,36,false,BombsiteA,max,7,false,76561198242950384,t,13.203125,-41.1875,0.0,false,false,ct,13.243051,0,35,0,false,right_arm,false,false,0,0,t,true,165275,-687.7814,-2328.9524,-176.6742,8290584,0,0.0,255.0,false,22,false,BombsiteA,zweih,0,false,76561198210626739,ct,-31.242188,97.703125,-10.0703125,ak47,17293822569196093447,52158661684,"",0,14
false,-180.33319,-2341.3442,-167.96875,6471851.0,69.0,0.0,255.0,true,36.0,false,BombsiteA,max,0.0,false,76561198242950384,t,10.394531,80.34375,0.0,-583.69617,-2062.7114,-53.96875,15696534,85,0.0,255.0,true,60,false,BombsiteA,HUASOPEEK,2,true,76561198319723208,t,-16.03125,-1.578125,0.0,false,false,ct,16.059656,0,66,0,true,head,false,false,2,0,t,false,165403,-1000.481,-2519.6943,-167.96875,12911586,92,0.0,255.0,false,32,false,CTSpawn,Jame,0,true,76561198036125584,ct,55.51953,-55.0,0.0,galilar,17293822569130754061,51740217357,"",0,14
false,,,,,,,,,,,,,,,,,,,,-802.63806,-915.336,-167.96875,8274015,97,0.0,255.0,false,79,false,Middle,xiELO,6,false,76561198141272052,ct,-19.351562,28.449219,0.0,false,false,ct,36.918888,4,22,0,false,chest,false,false,0,0,t,true,168637,403.17285,-103.931885,-162.96875,15319629,82,0.0,255.0,true,1,false,TopofMid,meyern,0,false,76561198195642865,t,25.636719,-40.55078,0.0,m4a1_silencer,17293822569126297660,49363953488,"",0,15
false,-739.1345,-252.27411,-159.96875,6603160.0,91.0,0.0,255.0,false,33.0,false,Catwalk,Jame,0.0,false,76561198036125584,ct,17.035156,81.77344,0.0,-701.8537,-816.1207,-263.96875,15368404,100,0.0,255.0,false,100,false,Middle,slaxejezzz,3,false,76561198356252021,ct,0.0,0.0,0.0,false,false,ct,23.201307,5,23,0,false,chest,false,false,0,0,t,false,168677,188.30472,-645.1221,-162.73859,5341576,90,2.1216762,255.0,true,6,false,TopofMid,luchov,0,true,76561198067722198,t,6.274414,48.195312,-0.24609375,m4a1_silencer,17293822569169354812,52468123987,"",0,15
false,,,,,,,,,,,,,,,,,,,,-1222.656,-1526.4149,-152.80054,15368404,100,0.0,255.0,false,100,false,Jungle,slaxejezzz,0,true,76561198356252021,ct,0.0,0.0,0.0,false,false,ct,21.84229,17,83,0,true,head,false,false,0,0,t,false,172368,-1103.8184,-675.22955,-134.96875,9388837,61,0.0,255.0,true,70,false,Middle,max,2,true,76561198242950384,t,58.859375,-20.964844,0.0,m4a1_silencer,17293822569169354812,52468123987,"",0,15
false,,,,,,,,,,,,,,,,,,,,-97.91638,-378.36346,-167.95776,15696534,85,0.0,255.0,true,26,false,Catwalk,HUASOPEEK,0,false,76561198319723208,t,28.007812,25.589844,-0.015625,false,false,ct,28.907692,0,114,0,true,head,false,false,0,0,t,false,172830,-1181.9598,-722.32336,-167.96875,8274015,97,0.0,255.0,false,79,false,SnipersNest,xiELO,0,false,76561198141272052,ct,-1.453125,70.94531,0.0,galilar,17293822569130754061,51740217357,"",0,15
false,188.30472,-645.1221,-162.73859,16777215.0,0.0,0.0,255.0,false,0.0,false,TopofMid,luchov,0.0,false,76561198067722198,t,0.0,0.0,0.0,841.2655,-1048.68,-258.95184,6471851,51,0.0,255.0,true,17,false,PalaceAlley,dgt,3,true,76561198216891576,t,0.0,0.0,0.0,false,false,ct,7.4151673,0,142,0,true,head,false,false,0,0,t,false,174126,1001.2206,-1252.6714,-108.96875,6718450,91,0.0,255.0,false,33,false,PalaceAlley,Jame,1,true,76561198036125584,ct,12.457031,9.640625,0.0,ak47,17293822569196093447,52158661684,"",0,15
false,,,,,,,,,,,,,,,,,,,,-1055.2369,-565.53894,-263.96875,4456643,94,0.0,255.0,true,47,false,Middle,xiELO,8,false,76561198141272052,ct,-0.3203125,16.109375,0.0,false,false,ct,31.957739,4,22,0,false,chest,false,false,0,0,t,true,177320,200.03477,-536.3808,-161.85352,12927970,72,0.0,255.0,true,1,false,TopofMid,max,4,false,76561198242950384,t,0.23144531,-16.316406,3.78125,m4a1_silencer,17293822569141174332,29775541710,"",0,16
false,,,,,,,,,,,,,,,,,,,,-692.6932,-798.1015,-263.96875,4883030,90,0.0,255.0,false,14,false,Middle,slaxejezzz,6,false,76561198356252021,ct,2.28125,-5.765625,0.0,false,false,ct,31.516382,4,22,0,false,chest,false,false,0,0,t,true,177394,458.5645,-345.94446,-159.96875,15139404,94,0.0,255.0,true,23,false,TopofMid,luchov,12,false,76561198067722198,t,7.7382812,21.699219,0.0,m4a1_silencer,17293822569169354812,52468123987,"",0,16
false,458.5645,-345.94446,-159.96875,16777215.0,0.0,0.0,255.0,false,0.0,false,TopofMid,luchov,12.0,false,76561198067722198,t,0.0,0.0,0.0,-205.43262,-1843.4133,-167.96875,15696534,85,0.0,255.0,true,100,false,BombsiteA,HUASOPEEK,0,false,76561198319723208,t,-36.98828,-62.882812,0.0,false,false,ct,22.783022,0,115,0,true,head,false,false,0,0,t,false,177995,-986.8284,-1397.7072,-167.0393,4883030,90,0.0,255.0,false,14,false,Jungle,slaxejezzz,0,false,76561198356252021,ct,-116.01172,-15.2109375,1.5390625,galilar,17293822569130754061,51740217357,"",0,16
false,200.03938,-536.64734,-161.79163,16777215.0,0.0,0.0,255.0,false,0.0,false,TopofMid,max,4.0,false,76561198242950384,t,0.0,0.0,0.0,-431.2732,-1733.3667,-170.89807,6471851,51,0.0,255.0,true,100,false,BombsiteA,dgt,0,false,76561198216891576,t,4.9609375,3.328125,0.58984375,false,false,ct,23.85251,3,26,0,false,chest,false,false,0,0,t,false,178226,-1231.1849,-1241.5713,-167.96875,4456643,91,0.0,255.0,true,21,false,CTSpawn,xiELO,7,true,76561198141272052,ct,-8.65625,-11.5,0.0,ak47,17293822569196093447,52158661684,"",0,16
false,,,,,,,,,,,,,,,,,,,,-593.00836,-1313.2543,-167.96875,1835363,100,0.0,255.0,true,100,false,BombsiteA,HObbit,1,false,76561198028292758,ct,-22.601562,-2.7734375,0.0,false,false,ct,23.478127,17,82,0,true,head,false,false,0,0,t,false,178434,-474.2838,-2230.0242,-175.97906,10764391,96,0.0,255.0,true,78,false,BombsiteA,meyern,1,false,76561198195642865,t,-15.3203125,-6.140625,-0.13671875,m4a1_silencer,17293822569141174332,29775541710,"",0,16
false,,,,,,,,,,,,,,,,,,,,-1357.2509,-2407.3499,-211.46155,15368404,100,0.0,255.0,true,100,false,CTSpawn,Jame,5,false,76561198036125584,ct,0.0,0.0,0.0,false,false,ct,27.969942,6,29,0,false,stomach,false,false,0,0,t,false,178655,-284.65344,-2159.1692,-173.84924,15696534,69,0.0,255.0,true,8,false,BombsiteA,HUASOPEEK,0,true,76561198319723208,t,1.625,2.6875,-0.1640625,m4a1_silencer,17293822569169354812,52468123987,"",0,16
false,,,,,,,,,,,,,,,,,,,,-1297.3164,-1161.0383,-167.96875,13222255,100,0.0,255.0,true,100,false,CTSpawn,zweih,3,false,76561198210626739,ct,6.6875,8.1328125,0.0,false,false,ct,37.07062,3,17,0,false,stomach,false,false,1,0,t,false,178928,-174.55829,-2093.4824,-167.96875,6471851,33,0.0,255.0,true,4,false,BombsiteA,dgt,0,false,76561198216891576,t,-24.632812,-36.828125,0.0,m4a1,17293822569122955280,50647160065,"",0,16
false,,,,,,,,,,,,,,,,,,,,-1176.5941,-537.5885,-167.96875,13894643,100,0.0,255.0,true,100,false,SnipersNest,Jame,0,true,76561198036125584,ct,1.4765625,15.222656,0.0,false,false,ct,34.871,1,136,0,false,stomach,false,false,0,0,t,false,181444,192.12463,-644.28314,-162.33661,11174709,100,0.0,255.0,false,100,false,TopofMid,dgt,1,true,76561198216891576,t,0.0,0.0,0.0,awp,17293822569156378633,50766264369,"",0,17
false,,,,,,,,,,,,,,,,,,,,428.9953,-207.54443,-161.4674,8290399,0,0.0,255.0,false,100,false,TopofMid,luchov,0,false,76561198067722198,t,-0.4921875,4.3203125,-0.24609375,false,false,ct,40.9972,4,114,0,true,head,false,false,0,0,t,true,181813,-1128.2651,-626.3483,-167.96875,15270726,100,0.0,255.0,true,100,false,SnipersNest,slaxejezzz,0,false,76561198356252021,ct,95.83594,-0.5234375,0.0,deagle,17293822569171779585,52158607599,"",0,17
false,,,,,,,,,,,,,,,,,,,,-718.75916,-970.22034,-215.96875,11174709,93,0.0,255.0,false,67,false,Connector,HUASOPEEK,0,false,76561198319723208,t,-23.253906,-0.76171875,0.0,false,false,ct,31.98508,15,106,0,true,head,false,false,0,0,t,false,185237,-753.1218,288.10812,-164.15216,6471851,100,0.0,255.0,true,100,false,Underpass,zweih,0,false,76561198210626739,ct,-10.050781,-3.4726562,-0.51953125,ak47,17293822569103622151,52726141473,"",0,17
false,,,,,,,,,,,,,,,,,,,,-574.6458,-344.06274,-167.9289,10764391,73,0.0,255.0,true,51,false,Catwalk,xiELO,2,false,76561198141272052,ct,64.44141,0.0,0.06640625,false,false,ct,31.81194,0,34,0,false,chest,false,false,0,0,t,false,185826,-775.5555,-1579.4849,-167.96875,8290399,0,0.0,255.0,false,32,false,BombsiteA,luchov,0,false,76561198067722198,t,-45.94922,31.015625,0.0,ak47,17293822569149038599,52576952348,"",0,17
false,-1126.8894,-626.3561,-167.96875,16777215.0,0.0,0.0,255.0,false,0.0,false,SnipersNest,slaxejezzz,0.0,false,76561198356252021,ct,0.0,0.0,0.0,-679.0604,-344.85974,-159.96875,10764391,73,0.0,255.0,true,51,false,Catwalk,xiELO,0,false,76561198141272052,ct,-141.3789,-3.6953125,0.0,false,false,ct,25.056307,0,138,0,true,head,false,false,0,0,t,false,186066,-643.202,-1331.3324,-167.96875,11174709,93,0.0,255.0,false,67,false,BombsiteA,HUASOPEEK,0,false,76561198319723208,t,-208.35938,-41.15625,0.0,ak47,17293822569149038599,52576952348,"",0,17
false,,,,,,,,,,,,,,,,,,,,-205.62946,-2355.263,-167.96875,8782349,76,0.0,255.0,true,100,false,BombsiteA,HObbit,1,false,76561198028292758,ct,10.808594,3.890625,0.0,false,false,ct,21.854774,0,82,0,true,head,false,false,0,0,t,false,186957,-477.4497,-1549.3488,-39.96875,13271906,0,0.0,255.0,false,75,false,Stairs,max,0,false,76561198242950384,t,59.132812,9.484375,0.0,mp9,17293822569104867362,27861649636,"",0,17
false,-1002.27954,-198.68243,-53.203125,12370608.0,47.0,0.0,255.0,true,4.0,true,Ladder,xiELO,0.0,false,76561198141272052,ct,-48.789062,0.0,-13.0,-282.224,-2192.394,-170.78796,8782349,76,0.0,255.0,true,100,false,BombsiteA,HObbit,2,true,76561198028292758,ct,56.445312,13.71875,1.2890625,false,false,ct,11.66754,0,17,0,false,right_leg,false,false,0,0,t,false,187535,-397.81543,-1794.0339,-6.890625,12370442,0,0.0,255.0,false,6,true,Stairs,meyern,0,true,76561198195642865,t,115.296875,-221.82812,-185.0,mp9,17293822569104867362,27861649636,"",0,17
false,,,,,,,,,,,,,,,,,,,,188.20732,-2342.713,-39.96875,9601207,100,0.0,255.0,true,100,false,PalaceInterior,dgt,6,true,76561198216891576,t,0.0,0.0,0.0,false,false,ct,35.866196,3,27,0,false,stomach,false,false,0,0,t,false,193136,-827.6348,-1369.9308,-167.96875,2507385,88,0.0,255.0,true,2,false,Jungle,slaxejezzz,0,true,76561198356252021,ct,25.464844,44.460938,0.0,galilar,17293822569130754061,38831224886,"",0,18
false,114.39889,-2374.5247,-39.96875,3048422.0,100.0,0.0,255.0,true,100.0,false,PalaceInterior,meyern,0.0,false,76561198195642865,t,-31.151855,39.46875,0.0,62.255848,-2356.703,-39.96875,9601207,96,0.0,255.0,true,86,false,PalaceInterior,dgt,1,true,76561198216891576,t,42.25122,0.140625,0.0,false,false,ct,8.335699,13,91,0,true,head,false,false,0,0,t,false,194695,52.187508,-2027.3092,-39.96875,8782349,71,0.0,255.0,true,62,false,PalaceInterior,HObbit,4,true,76561198028292758,ct,-236.28784,40.851562,0.0,galilar,17293822569130754061,38831224886,"",0,18
false,,,,,,,,,,,,,,,,,,,,-2517.962,224.84169,-167.96875,12944354,93,0.0,255.0,true,41,false,BombsiteB,zweih,8,true,76561198210626739,ct,-0.984375,33.77539,-0.71875,false,false,ct,38.37196,4,21,0,false,chest,false,false,0,0,t,false,197487,-1008.57135,291.46893,-165.69055,11272380,87,0.0,255.0,true,9,false,Underpass,luchov,6,true,76561198067722198,t,6.640625,-5.6601562,-0.7109375,m4a1,17293822569158017040,35801920474,"",0,18
false,,,,,,,,,,,,,,,,,,,,-2266.5364,349.9635,-164.60187,13894643,93,0.0,255.0,true,100,false,BombsiteB,zweih,0,false,76561198210626739,ct,0.0,0.0,0.0,false,false,ct,36.957485,1,136,0,false,stomach,false,false,0,0,t,false,204955,-839.45856,79.6145,-165.96875,4686139,100,0.0,255.0,true,100,false,Catwalk,luchov,0,false,76561198067722198,t,-75.37891,73.58887,0.0,awp,17293822569156378633,50766264369,"",0,19
false,,,,,,,,,,,,,,,,,,,,-2494.7822,323.65863,-167.96875,13894643,93,0.0,255.0,true,100,false,BombsiteB,zweih,0,false,76561198210626739,ct,-1.40625,-9.642578,0.0,false,false,ct,41.071392,5,434,0,true,head,false,false,0,0,t,false,205234,-895.37225,80.65506,-165.96875,9962110,44,0.0,255.0,true,100,false,Underpass,meyern,0,false,76561198195642865,t,36.285156,-22.773926,0.0,awp,17293822569156378633,50766264369,"",0,19
false,-2348.007,-355.47174,-167.96875,12944354.0,100.0,0.0,255.0,true,100.0,false,Shop,slaxejezzz,0.0,false,76561198356252021,ct,31.390625,-18.527344,0.0,-1443.3715,-2361.9036,-231.71545,6046287,100,0.0,255.0,true,100,false,CTSpawn,HObbit,0,true,76561198028292758,ct,-19.304688,-2.234375,-3.7109375,false,false,ct,39.193516,18,84,0,true,head,false,false,0,0,t,false,205582,-1665.0504,-835.5251,-165.96875,11568022,75,0.0,255.0,true,48,false,CTSpawn,max,1,true,76561198242950384,t,53.4375,24.988281,0.0,m4a1,17293822569184952336,50590029608,"",0,19
false,,,,,,,,,,,,,,,,,,,,-1911.049,748.7494,-47.96875,12829397,74,0.0,255.0,true,53,false,Apartments,HUASOPEEK,5,false,76561198319723208,t,0.0,0.0,0.0,false,false,ct,21.933556,4,33,0,false,stomach,false,false,0,0,t,true,205732,-2591.5,235.60843,-167.87744,13074955,84,0.0,255.0,true,20,false,BombsiteB,zweih,0,false,76561198210626739,ct,22.046875,-19.013672,-0.265625,ak47,17293822569163063303,52581997602,"",0,19
false,,,,,,,,,,,,,,,,,,,,-1143.6774,295.9372,-159.96875,12829397,74,0.0,255.0,true,53,false,BombsiteB,HUASOPEEK,0,true,76561198319723208,t,96.02344,0.0078125,0.0,false,false,ct,12.627021,15,109,0,true,head,false,false,0,0,t,false,206129,-746.98987,-5.1905518,-143.96875,10764391,43,0.0,255.0,true,100,false,Underpass,xiELO,0,true,76561198141272052,ct,-7.7421875,-14.0859375,0.0,ak47,17293822569163063303,52581997602,"",0,19
false,-2254.5474,545.63416,-162.50818,12944354.0,100.0,0.0,255.0,true,100.0,false,BombsiteB,slaxejezzz,0.0,false,76561198356252021,ct,5.828125,18.328125,4.3359375,-608.1513,-954.65656,-215.96875,11403944,77,0.0,255.0,true,82,false,Connector,Jame,0,false,76561198036125584,ct,0.0,0.0,0.0,false,false,ct,27.427021,1,137,0,false,stomach,false,false,0,0,t,false,206323,-825.06116,97.270096,-168.6001,6095792,74,0.0,255.0,true,53,false,Catwalk,HUASOPEEK,0,true,76561198319723208,t,209.38281,-136.59033,68.296875,awp,17293822569125249033,23879660671,"",0,19
false,-2192.5928,500.13943,-167.96875,12944354.0,95.0,0.0,255.0,true,76.0,false,BombsiteB,slaxejezzz,0.0,false,76561198356252021,ct,-47.921875,0.5449219,0.0,-1751.7672,33.91497,-167.60828,11568022,100,0.0,255.0,true,100,false,BombsiteB,HObbit,2,false,76561198028292758,ct,0.0,0.0,0.0,false,false,ct,13.851161,3,27,0,false,chest,false,false,0,0,t,false,206837,-2218.2354,-247.34381,-163.95685,2507385,50,0.0,255.0,true,27,false,BombsiteB,dgt,0,true,76561198216891576,t,33.734375,2.2695312,2.0507812,ak47,17293822569102704647,0,"",0,19
false,-1110.7063,-2232.3118,-173.8219,786668.0,70.0,0.0,255.0,true,55.0,false,CTSpawn,HUASOPEEK,0.0,false,76561198319723208,t,-145.75,23.546875,-30.722656,-1061.7969,-2480.8618,-167.96875,12124932,93,0.0,255.0,true,72,false,BombsiteA,luchov,4,true,76561198067722198,t,66.13281,-11.421875,0.0,false,false,ct,6.545521,22,59,0,true,head,false,false,0,0,t,false,211361,-1017.06573,-2232.0771,-112.90265,13894643,95,0.0,255.0,true,59,false,CTSpawn,zweih,0,true,76561198210626739,ct,0.0,0.0,0.0,mac10,17293822569178988561,52158623335,"",0,20
false,,,,,,,,,,,,,,,,,,,,-921.8372,-2583.4753,-167.96875,13107980,98,0.0,255.0,true,97,false,CTSpawn,HObbit,8,false,76561198028292758,ct,-132.84375,-9.046875,0.0,false,false,ct,3.8058882,6,28,0,false,stomach,false,false,0,0,t,false,211399,-1037.9268,-2486.9644,-167.96875,12124932,81,0.0,255.0,true,3,false,BombsiteA,luchov,12,true,76561198067722198,t,-5.9453125,-22.84375,0.0,m4a1,17293822569158017040,35801920474,"",0,20
false,,,,,,,,,,,,,,,,,,,,-921.6866,-2563.182,-167.96875,13107980,98,0.0,255.0,true,97,false,CTSpawn,HObbit,12,false,76561198028292758,ct,-21.734375,4.0625,0.0,false,false,ct,9.684533,6,28,0,false,stomach,false,false,0,0,t,false,211422,-1110.2013,-2232.0625,-173.73749,786668,64,0.0,255.0,true,26,false,CTSpawn,HUASOPEEK,0,true,76561198319723208,t,27.515625,-0.078125,5.5078125,m4a1,17293822569158017040,35801920474,"",0,20
false,,,,,,,,,,,,,,,,,,,,-1005.1032,-2345.0198,-167.96875,3293961,99,0.0,255.0,true,98,false,BombsiteA,max,5,true,76561198242950384,t,0.0,0.0,0.0,false,false,ct,5.5688004,4,27,0,false,chest,false,false,0,0,t,false,211488,-913.6054,-2543.586,-167.96875,12124932,87,0.0,255.0,true,21,false,CTSpawn,HObbit,0,true,76561198028292758,ct,52.003906,40.671875,0.0,ak47,17293822569102704647,0,"",0,20
false,,,,,,,,,,,,,,,,,,,,-879.7539,-2272.0237,-170.745,3293961,99,0.0,255.0,true,98,false,BombsiteA,max,1,true,76561198242950384,t,7.4726562,-13.8125,-0.05078125,false,false,ct,5.0351067,16,110,0,true,head,false,false,0,0,t,false,212218,-707.758,-2171.6921,-179.96875,11568022,100,0.0,255.0,true,100,false,BombsiteA,xiELO,1,true,76561198141272052,ct,64.87891,-41.234375,0.0,ak47,17293822569102704647,0,"",0,20
false,,,,,,,,,,,,,,,,,,,,-30.862244,-1528.2893,-167.96875,8700707,100,0.0,255.0,true,97,false,BombsiteA,dgt,9,false,76561198216891576,t,0.0,0.0,0.0,false,false,ct,30.65512,0,25,0,false,right_leg,false,false,0,0,t,false,213151,-753.67053,-2495.4888,-167.96875,12862069,85,0.0,255.0,true,14,false,BombsiteA,slaxejezzz,0,false,76561198356252021,ct,2.9804688,-31.53125,0.0,ak47,17293822569149038599,52576952348,"",0,20
false,,,,,,,,,,,,,,,,,,,,332.24155,-2358.232,-39.96875,6029568,94,0.0,255.0,true,100,false,PalaceInterior,dgt,0,true,76561198216891576,t,-43.035156,-59.625,0.0,false,false,ct,7.922722,0,142,0,true,head,false,false,0,0,t,false,217858,29.391552,-2284.7483,-39.96875,11829462,100,0.0,255.0,false,100,false,PalaceInterior,HObbit,0,true,76561198028292758,ct,-10.022827,-184.45312,0.0,ak47,17293822569103622151,52726141473,"",0,21
false,-982.27545,-1527.9435,-165.94751,5341702.0,100.0,4.905855,255.0,false,100.0,false,Jungle,slaxejezzz,0.0,false,76561198356252021,ct,24.171875,0.0,-1.53125,69.41879,-2094.115,-39.96875,6029568,94,3.4635572,255.0,true,8,false,PalaceInterior,dgt,0,false,76561198216891576,t,-75.41699,169.09375,0.0,false,false,ct,0.0,0,8,0,false,-1,false,false,0,0,t,false,218255,69.41879,-2094.115,-39.96875,6029568,94,3.4635572,255.0,true,8,false,PalaceInterior,dgt,0,false,76561198216891576,t,-75.41699,169.09375,0.0,inferno,"","","",0,21
false,,,,,,,,,,,,,,,,,,,,-666.27844,-2467.275,-167.96875,8700707,87,0.0,255.0,true,30,false,BombsiteA,luchov,3,false,76561198067722198,t,-27.816406,-3.640625,0.0,false,false,ct,29.685766,15,106,0,true,head,false,false,0,0,t,true,219440,-798.1274,-1306.1223,-167.96875,8405437,93,0.0,255.0,true,39,false,Jungle,xiELO,0,false,76561198141272052,ct,53.085938,7.2578125,0.0,ak47,17293822569149038599,52576952348,"",0,21
false,-1648.9968,-1920.9751,-267.99103,15303494.0,97.0,0.0,255.0,false,73.0,false,CTSpawn,zweih,0.0,false,76561198210626739,ct,-109.58594,40.960938,-0.91796875,-761.8106,-1318.8109,-167.96875,5341702,100,0.0,255.0,false,100,false,BombsiteA,slaxejezzz,1,true,76561198356252021,ct,15.015625,5.3046875,0.0,false,false,ct,25.691282,4,21,0,false,chest,false,false,0,0,t,false,219699,-369.38367,-2250.974,-169.45459,3293961,82,0.0,255.0,true,2,false,BombsiteA,HUASOPEEK,1,true,76561198319723208,t,4.96875,3.921875,-0.125,m4a1,17293822569154674704,26522352276,"",0,21
false,,,,,,,,,,,,,,,,,,,,-721.7892,-2174.7515,-179.96875,8700707,87,0.0,255.0,true,30,false,BombsiteA,luchov,0,false,76561198067722198,t,13.199219,-1.046875,0.0,false,false,ct,21.951942,0,139,0,true,head,false,false,0,0,t,false,219812,-770.9046,-1312.2925,-167.96875,8405437,100,0.0,255.0,false,100,false,Jungle,slaxejezzz,0,true,76561198356252021,ct,-150.05078,-24.109375,0.0,ak47,17293822569149038599,52576952348,"",0,21
false,,,,,,,,,,,,,,,,,,,,-766.02844,-2100.2056,-179.96875,8700707,87,0.0,255.0,true,30,false,BombsiteA,luchov,5,true,76561198067722198,t,32.195312,-10.625,0.0,false,false,ct,20.630287,15,108,0,true,head,false,false,0,0,t,false,219929,-504.48413,-1331.3651,-159.96875,11403944,66,0.0,255.0,true,6,false,Stairs,Jame,0,true,76561198036125584,ct,-16.789062,5.4609375,0.0,ak47,17293822569149038599,52576952348,"",0,21
false,-797.2608,-1306.0626,-167.96875,16777215.0,0.0,0.0,255.0,false,0.0,false,Jungle,xiELO,0.0,true,76561198141272052,ct,0.0,0.0,0.0,-1573.2452,-734.6367,-167.96875,15303494,97,0.0,255.0,false,73,false,CTSpawn,zweih,1,false,76561198210626739,ct,-5.09375,-5.2460938,0.0,false,false,ct,15.130101,19,89,0,true,head,false,false,0,0,t,false,220840,-1151.4528,-1155.3014,-167.96875,8700707,87,0.0,255.0,true,30,false,CTSpawn,luchov,0,false,76561198067722198,t,-69.546875,-71.82031,0.0,m4a1,17293822569122955280,50647160065,"",0,21
false,,,,,,,,,,,,,,,,,,,,-1012.98926,394.81616,-367.96875,3081190,88,0.0,255.0,true,35,false,Underpass,HUASOPEEK,5,true,76561198319723208,t,20.671875,-1.7363281,0.0,false,false,ct,20.574055,15,108,0,true,head,false,false,0,0,t,false,224383,-1047.4979,-412.99268,-329.46875,15303494,90,0.0,255.0,true,7,false,Underpass,xiELO,9,true,76561198141272052,ct,0.0,0.0,0.0,ak47,17293822569163063303,52581997602,"",0,22
false,,,,,,,,,,,,,,,,,,,,1388.1183,-1181.8126,-167.96875,786668,100,0.0,255.0,true,100,false,TSpawn,dgt,0,false,76561198216891576,t,1.46875,70.1875,0.0,false,false,ct,16.298618,0,140,0,true,head,false,false,0,0,t,false,225357,755.38385,-1170.1339,-260.23535,11272782,100,0.0,255.0,false,100,false,PalaceAlley,HObbit,0,false,76561198028292758,ct,67.30469,30.773438,-6.7226562,ak47,17293822569163063303,52581997602,"",0,22
false,,,,,,,,,,,,,,,,,,,,-579.31824,615.9571,-79.19983,11338446,88,0.0,255.0,true,100,false,BackAlley,max,3,true,76561198242950384,t,0.0,0.0,0.0,false,false,ct,14.167572,0,140,0,true,head,false,false,0,0,t,false,227419,-1136.4716,598.9465,-79.96875,5161497,88,0.0,255.0,false,19,false,Apartments,zweih,6,true,76561198210626739,ct,0.78125,52.183594,0.0,ak47,17293822569102704647,0,"",0,22
false,,,,,,,,,,,,,,,,,,,,966.7464,-1056.7904,-261.7157,606763,100,0.0,255.0,false,100,false,PalaceAlley,slaxejezzz,4,false,76561198356252021,ct,6.4101562,9.9140625,2.40625,false,false,ct,12.392728,17,80,0,true,head,false,false,0,0,t,false,227681,1364.5431,-1321.526,-167.96875,786668,83,0.0,255.0,true,20,false,PalaceInterior,dgt,4,false,76561198216891576,t,-25.210938,-26.234375,0.0,famas,17293822569102704650,0,"",0,22
false,,,,,,,,,,,,,,,,,,,,-958.8041,-68.10602,-167.96875,606763,97,0.0,255.0,false,73,false,Catwalk,slaxejezzz,5,true,76561198356252021,ct,0.0,0.0,0.0,false,false,ct,7.7064843,4,20,0,false,chest,false,false,0,0,t,false,229706,-1162.8486,-267.4355,-55.96875,3506719,83,0.0,255.0,true,19,false,Ladder,luchov,5,true,76561198067722198,t,19.3125,-20.738281,0.0,famas,17293822569102704650,0,"",0,22
false,-1162.8486,-267.4355,-55.96875,16777215.0,0.0,0.0,255.0,false,0.0,false,Ladder,luchov,5.0,true,76561198067722198,t,0.0,0.0,0.0,-2020.4132,350.49503,-159.96875,2343727,71,0.0,255.0,true,100,false,BombsiteB,meyern,0,false,76561198195642865,t,11.6328125,40.873047,0.0,false,false,ct,18.268744,0,139,0,true,head,false,false,0,0,t,false,230828,-1327.5173,166.97711,-165.73914,3506719,97,0.0,255.0,false,73,false,BombsiteB,slaxejezzz,0,false,76561198356252021,ct,-64.109375,199.08301,-6.5429688,ak47,17293822569149038599,52576952348,"",0,22
false,-1997.6597,458.8604,-159.96875,2343727.0,65.0,0.0,255.0,true,46.0,false,BombsiteB,meyern,0.0,true,76561198195642865,t,12.90625,-19.035156,0.0,-2322.3894,451.57806,-167.96875,3081190,84,0.0,255.0,true,19,false,BombsiteB,HUASOPEEK,0,false,76561198319723208,t,-61.328125,-23.521484,0.0,false,false,ct,12.670935,0,141,0,true,head,false,false,0,0,t,false,230946,-2098.326,5.5377717,-167.96875,786668,96,0.0,255.0,false,66,false,BombsiteB,Jame,6,false,76561198036125584,ct,20.296875,-4.669922,0.0,ak47,17293822569163063303,52581997602,"",0,22
