assistedflash,assister_X,assister_Y,assister_Z,assister_health,assister_place,assister_name,assister_steamid,assister_side,attacker_X,attacker_Y,attacker_Z,attacker_health,attacker_place,attacker_name,attacker_steamid,attacker_side,attackerblind,attackerinair,ct_side,distance,dmg_armor,dmg_health,dominated,headshot,hitgroup,noreplay,noscope,penetrated,revenge,t_side,thrusmoke,tick,victim_X,victim_Y,victim_Z,victim_health,victim_place,victim_name,victim_steamid,victim_side,weapon,weapon_fauxitemid,weapon_itemid,weapon_originalowner_xuid,wipe,round_num
false,,,,,,,,,-711.30286,-2322.3833,-178.30353,100,BombsiteA,HUASOPEEK,76561198319723208,ct,false,false,ct,28.148806,0,113,0,true,head,false,false,0,0,t,false,17722,16.630745,-1493.6322,-171.23169,100,BombsiteA,HObbit,76561198028292758,t,usp_silencer,17293822569177546813,52591255071,"",0,1
false,,,,,,,,,133.10358,-1914.2004,-39.96875,100,PalaceInterior,max,76561198242950384,ct,false,false,ct,9.738768,0,130,0,true,head,false,false,0,0,t,false,17887,26.237986,-2280.9927,-39.96875,84,PalaceInterior,slaxejezzz,76561198356252021,t,usp_silencer,17293822569102704701,0,"",0,1
false,,,,,,,,,-506.12122,-2351.996,-167.96875,100,BombsiteA,HUASOPEEK,76561198319723208,ct,false,false,ct,20.47476,0,120,0,true,head,false,false,0,0,t,false,18064,-362.27246,-1556.3811,-167.96875,81,BombsiteA,xiELO,76561198141272052,t,usp_silencer,17293822569177546813,52591255071,"",0,1
false,,,,,,,,,273.1759,-1505.1902,-175.96875,100,PalaceInterior,zweih,76561198210626739,t,false,false,ct,16.207335,6,11,0,false,chest,false,false,0,0,t,false,18279,-324.6552,-1724.4214,-167.96875,2,BombsiteA,meyern,76561198195642865,ct,glock,17293822569105195012,50157786107,"",0,1
false,,,,,,,,,-532.58795,-1905.3232,-179.96875,91,BombsiteA,luchov,76561198067722198,ct,false,false,ct,22.938633,0,99,0,true,head,false,false,0,0,t,false,18305,285.08688,-1522.6134,-175.96875,51,PalaceInterior,zweih,76561198210626739,t,elite,17293822569102704642,0,"",0,1
false,,,,,,,,,326.47742,-1519.7375,-175.96875,100,TRamp,Jame,76561198036125584,t,false,false,ct,23.916515,5,10,0,false,right_arm,false,false,0,0,t,false,18355,-542.45715,-1882.4987,-179.96875,2,BombsiteA,luchov,76561198067722198,ct,glock,17293822569165815812,24626138627,"",0,1
false,,,,,,,,,-636.21094,-353.8994,-159.96875,100,Catwalk,Jame,76561198036125584,t,false,false,ct,43.03417,0,69,0,true,head,false,false,0,0,t,false,20437,-760.8782,-2046.6512,-179.96875,31,BombsiteA,HUASOPEEK,76561198319723208,ct,glock,17293822569165815812,24626138627,"",0,1
false,,,,,,,,,-558.3867,-1450.6162,-163.96875,100,BombsiteA,Jame,76561198036125584,t,false,false,ct,18.189924,0,95,0,true,head,false,false,0,0,t,false,20835,-1261.2285,-1314.6785,-169.88074,5,CTSpawn,dgt,76561198216891576,ct,glock,17293822569165815812,24626138627,"",0,1
false,,,,,,,,,-338.60718,-1589.1838,-167.96875,98,BombsiteA,max,76561198242950384,ct,false,false,ct,6.9084797,0,133,0,true,head,false,false,0,0,t,false,20988,-449.31042,-1838.0576,-177.1543,100,BombsiteA,Jame,76561198036125584,t,usp_silencer,17293822569177546813,52576952353,"",0,1
false,,,,,,,,,425.12143,-1436.439,-175.96875,100,PalaceInterior,luchov,76561198067722198,ct,false,false,ct,5.450243,0,24,0,false,chest,false,false,0,0,t,false,36141,430.13113,-1643.7587,-227.03064,2,TRamp,slaxejezzz,76561198356252021,t,mp9,17293822569106702370,46450683787,"",0,2
false,,,,,,,,,-14.236877,-1459.5558,-168.1449,100,BombsiteA,HUASOPEEK,76561198319723208,ct,false,false,ct,15.802159,0,127,0,true,head,false,false,0,0,t,true,36220,544.2223,-1703.9972,-263.96875,100,PalaceAlley,xiELO,76561198141272052,t,m4a1,17293822569191374864,52159726433,"",0,2
false,,,,,,,,,339.46463,-1687.1522,-181.69739,52,TRamp,zweih,76561198210626739,t,false,false,ct,6.5192027,7,13,0,false,right_arm,false,false,0,0,t,true,36308,391.41766,-1436.0626,-175.96875,10,PalaceInterior,luchov,76561198067722198,ct,glock,17293822569105195012,50157786107,"",0,2
false,,,,,,,,,-617.7335,-1386.1631,-167.96875,57,BombsiteA,dgt,76561198216891576,ct,false,false,ct,9.8572,0,45,0,false,stomach,false,false,0,0,t,false,36688,-782.3466,-1034.339,-167.96875,19,Connector,HObbit,76561198028292758,t,m4a1_silencer,17293822569167192124,52258558415,"",0,2
false,,,,,,,,,-1464.566,142.4528,-166.96875,57,BombsiteB,dgt,76561198216891576,ct,false,false,ct,14.256483,0,123,0,true,head,false,false,0,0,t,false,38506,-1811.3153,584.7785,-168.73975,3,BombsiteB,Jame,76561198036125584,t,m4a1_silencer,17293822569167192124,52258558415,"",0,2
false,391.41766,-1436.0626,-175.96875,0.0,PalaceInterior,luchov,76561198067722198,ct,-1376.4974,134.90486,-163.26147,32,BombsiteB,dgt,76561198216891576,ct,false,false,ct,21.32251,0,42,0,false,stomach,false,false,0,0,t,false,38946,-2044.3279,625.87085,-44.84375,18,Apartments,zweih,76561198210626739,t,m4a1_silencer,17293822569167192124,52258558415,"",0,2
false,,,,,,,,,-624.9845,-805.3225,-263.96875,73,Middle,dgt,76561198216891576,ct,false,false,ct,13.530009,19,89,0,true,head,false,false,0,0,t,false,41401,-100.471436,-722.2223,-220.16339,33,Middle,Jame,76561198036125584,t,m4a1,17293822569122955280,51508198279,"",0,3
false,,,,,,,,,30.26039,-1419.0089,-172.5946,23,PalaceInterior,HObbit,76561198028292758,t,false,false,ct,28.795725,4,33,0,false,stomach,false,false,0,0,t,false,42319,-591.3614,-2367.0574,-169.00177,11,BombsiteA,HUASOPEEK,76561198319723208,ct,ak47,17293822569146941447,39085812900,"",0,3
false,-714.1174,-2170.1636,-179.96875,14.0,BombsiteA,meyern,76561198195642865,ct,-537.33234,-1504.6892,-39.96875,73,Stairs,dgt,76561198216891576,ct,false,false,ct,18.335936,4,22,0,false,chest,false,false,0,0,t,false,42471,151.32628,-1677.6702,-167.96875,21,PalaceInterior,zweih,76561198210626739,t,m4a1,17293822569122955280,51508198279,"",0,3
false,151.32628,-1677.6702,-167.96875,0.0,PalaceInterior,zweih,76561198210626739,t,-94.770386,-1455.6569,-69.175354,7,BombsiteA,xiELO,76561198141272052,t,false,false,ct,25.568535,3,26,0,false,right_arm,false,false,0,0,t,false,42605,-629.2659,-2304.643,-176.23438,14,BombsiteA,meyern,76561198195642865,ct,ak47,17293822569163063303,50929720047,"",0,3
false,-591.3614,-2367.0574,-169.00177,0.0,BombsiteA,HUASOPEEK,76561198319723208,ct,-624.5105,-2469.0586,-167.96875,100,BombsiteA,max,76561198242950384,ct,false,false,ct,31.047443,4,22,0,false,chest,false,false,0,0,t,false,43880,19.247873,-1427.4111,-171.49341,7,BombsiteA,xiELO,76561198141272052,t,m4a1_silencer,17293822569167192124,52258558415,"",0,3
false,,,,,,,,,-761.90906,-2374.561,-175.91467,15,BombsiteA,max,76561198242950384,ct,false,false,ct,34.279564,4,22,0,false,chest,false,false,0,0,t,false,44074,245.56334,-1476.5535,-175.96875,22,PalaceInterior,slaxejezzz,76561198356252021,t,m4a1_silencer,17293822569167192124,52258558415,"",0,3
false,,,,,,,,,-1548.3424,863.9374,-7.96875,100,Apartments,max,76561198242950384,ct,false,false,ct,5.439616,4,27,0,false,chest,false,false,0,0,t,false,56588,-1458.1143,669.84314,-47.96875,18,Apartments,slaxejezzz,76561198356252021,t,ak47,17293822569144582151,52467896681,"",0,4
false,,,,,,,,,-1431.5148,677.7119,-47.96875,90,Apartments,xiELO,76561198141272052,t,false,false,ct,5.9409456,1,45,0,false,chest,false,false,0,0,t,false,56689,-1583.4725,854.6526,-15.980164,16,Apartments,max,76561198242950384,ct,deagle,17293822569105129473,51518638862,"",0,4
false,,,,,,,,,-2140.6973,831.9156,-123.20923,100,Truck,luchov,76561198067722198,ct,false,false,ct,2.690988,5,34,0,false,stomach,false,false,0,0,t,false,56970,-2070.7864,821.86487,-44.27118,34,Apartments,xiELO,76561198141272052,t,ak47,17293822569114501127,52403717539,"",0,4
false,,,,,,,,,-1934.3048,764.6734,-47.96875,100,Apartments,HObbit,76561198028292758,t,false,false,ct,6.521044,16,110,0,true,head,false,false,0,0,t,false,57233,-2175.4502,803.0238,-126.24994,52,Truck,luchov,76561198067722198,ct,ak47,17293822569146941447,39085812900,"",0,4
false,,,,,,,,,-2165.1897,-198.20056,-167.24042,100,BombsiteB,dgt,76561198216891576,ct,false,false,ct,24.787605,18,87,0,true,head,false,false,0,0,t,false,57253,-1934.818,741.38904,-47.96875,79,Apartments,HObbit,76561198028292758,t,m4a1,17293822569122955280,51508198279,"",0,4
false,,,,,,,,,-2142.199,-115.969604,-168.03864,47,BombsiteB,dgt,76561198216891576,ct,false,false,ct,22.125965,4,21,0,false,chest,false,false,0,0,t,false,57487,-1969.1371,729.2864,-47.96875,7,Apartments,Jame,76561198036125584,t,m4a1,17293822569122955280,51508198279,"",0,4
false,,,,,,,,,-2267.7295,549.83307,-161.84564,100,BombsiteB,zweih,76561198210626739,t,false,false,ct,28.594461,15,106,0,true,head,false,false,0,0,t,false,57586,-2300.641,-575.42456,-167.96875,100,Shop,meyern,76561198195642865,ct,ak47,17293822569114501127,52403717539,"",0,4
false,-1969.1371,729.2864,-47.96875,0.0,Apartments,Jame,76561198036125584,t,-1695.7223,742.2519,-47.96875,100,Apartments,zweih,76561198210626739,t,false,false,ct,23.84022,15,107,0,true,head,false,false,0,0,t,false,58093,-2350.038,80.600716,-161.56482,47,BombsiteB,dgt,76561198216891576,ct,ak47,17293822569114501127,52403717539,"",0,4
false,,,,,,,,,-2539.1052,332.47113,-167.96875,5,BombsiteB,zweih,76561198210626739,t,false,false,ct,33.693302,4,33,0,false,stomach,false,false,0,0,t,false,59188,-1227.5814,133.55821,-168.86548,28,Catwalk,HUASOPEEK,76561198319723208,ct,ak47,17293822569114501127,52403717539,"",0,4
false,,,,,,,,,-622.7296,-345.18713,-160.5304,100,Catwalk,HObbit,76561198028292758,t,false,false,ct,22.620872,4,33,0,false,stomach,false,false,0,0,t,true,62010,-647.8959,-1235.1698,-167.96875,33,Connector,dgt,76561198216891576,ct,ak47,17293822569170534407,26522352291,"",0,5
false,-1929.192,615.4799,-167.96875,100.0,BombsiteB,max,76561198242950384,ct,-1248.2621,409.44214,-167.96875,100,Catwalk,luchov,76561198067722198,ct,false,false,ct,14.925149,5,24,0,false,chest,false,false,0,0,t,false,62279,-1830.9374,485.4223,-167.96875,22,BombsiteB,zweih,76561198210626739,t,m4a1_silencer,17293822569167192124,52258558415,"",0,5
false,,,,,,,,,-1561.38,797.977,-47.96875,100,Apartments,Jame,76561198036125584,t,false,false,ct,37.852924,1,108,0,false,chest,false,false,0,0,t,false,62411,-2002.3698,-621.9004,-167.96875,100,Shop,meyern,76561198195642865,ct,awp,17293822569102704649,0,"",0,5
false,,,,,,,,,215.65578,-350.21954,-167.13556,19,TopofMid,luchov,76561198067722198,ct,false,false,ct,15.560553,4,19,0,false,chest,false,false,0,0,t,false,74958,288.803,251.89813,-261.31104,1,SideAlley,HObbit,76561198028292758,t,famas,17293822569102704650,0,"",0,6
false,-1017.95026,-2332.8381,-167.96875,100.0,CTSpawn,dgt,76561198216891576,ct,-629.6519,-2400.0522,-167.96875,19,BombsiteA,luchov,76561198067722198,ct,false,false,ct,20.231342,4,19,0,false,chest,false,false,0,0,t,true,77936,85.29585,-2073.6836,-39.96875,1,PalaceInterior,xiELO,76561198141272052,t,famas,17293822569102704650,0,"",0,6
false,-629.57886,-2400.218,-167.96875,19.0,BombsiteA,luchov,76561198067722198,ct,28.501278,-1951.4485,-167.96875,100,BombsiteA,HUASOPEEK,76561198319723208,ct,false,false,ct,8.098729,4,22,0,false,chest,false,false,0,0,t,false,77937,-144.19507,-2219.1216,-167.96875,10,BombsiteA,slaxejezzz,76561198356252021,t,m4a1,17293822569102704656,0,"",0,6
false,,,,,,,,,-877.7794,-1381.9961,-167.96875,100,Jungle,meyern,76561198195642865,ct,false,false,ct,29.848001,1,109,0,false,chest,false,false,0,0,t,false,78004,68.84942,-2060.5095,-39.96875,100,PalaceInterior,zweih,76561198210626739,t,awp,17293822569120989193,45150629644,"",0,6
false,,,,,,,,,-862.04114,-422.98376,-163.07996,100,Underpass,max,76561198242950384,ct,false,false,ct,13.304812,15,109,0,true,head,false,false,0,0,t,false,88955,-479.28186,-764.68176,-258.83923,19,Middle,zweih,76561198210626739,t,ak47,17293822569144582151,52467896681,"",0,7
false,,,,,,,,,50.40163,-1431.3513,-174.60876,12,PalaceInterior,HUASOPEEK,76561198319723208,ct,false,false,ct,11.966073,15,109,0,true,head,false,false,0,0,t,false,89079,23.368149,-1884.737,-39.96875,46,Scaffolding,HObbit,76561198028292758,t,ak47,17293822569170534407,26522352291,"",0,7
false,23.077166,-1884.7207,-39.96875,0.0,Scaffolding,HObbit,76561198028292758,t,-18.914429,-1894.0948,-39.96875,100,Scaffolding,slaxejezzz,76561198356252021,t,false,false,ct,12.664199,3,27,0,false,chest,false,false,0,0,t,false,89194,110.66876,-1434.4978,-175.96875,12,PalaceInterior,HUASOPEEK,76561198319723208,ct,ak47,17293822569144582151,52467896681,"",0,7
false,,,,,,,,,-709.3859,-2201.6355,-179.96875,100,BombsiteA,meyern,76561198195642865,ct,false,false,ct,19.52634,1,138,0,false,stomach,false,false,0,0,t,false,89197,-17.954407,-1890.9749,-39.96875,100,Scaffolding,slaxejezzz,76561198356252021,t,awp,17293822569120989193,45150629644,"",0,7
false,,,,,,,,,-781.2557,-918.63715,-167.96875,100,Connector,meyern,76561198195642865,ct,false,false,ct,36.90147,5,435,0,true,head,false,false,0,0,t,false,94162,399.17325,-72.6272,-182.94275,84,TopofMid,Jame,76561198036125584,t,awp,17293822569120989193,45150629644,"",0,8
false,,,,,,,,,396.95358,180.35051,-249.72882,84,SideAlley,dgt,76561198216891576,ct,false,false,ct,8.337248,9,62,0,true,head,false,false,1,0,t,false,97001,408.98526,503.356,-263.2079,41,SideAlley,HObbit,76561198028292758,t,ak47,17293822569114501127,52403717539,"",0,8
false,-2494.553,220.03172,-167.7666,100.0,BombsiteB,max,76561198242950384,ct,-894.64557,-458.14612,-93.96875,100,Catwalk,luchov,76561198067722198,ct,false,false,ct,6.5207996,16,110,0,true,head,false,false,0,0,t,false,97603,-1027.6371,-549.7866,-287.96875,34,Middle,xiELO,76561198141272052,t,ak47,17293822569163063303,50929720047,"",0,8
true,-888.6452,-2301.63,-168.6388,100.0,BombsiteA,HUASOPEEK,76561198319723208,ct,-799.9239,-916.2116,-167.96875,100,Middle,meyern,76561198195642865,ct,false,false,ct,30.952333,1,109,0,false,chest,false,false,0,0,t,true,104629,193.98076,-216.6206,-79.9375,100,TopofMid,Jame,76561198036125584,t,awp,17293822569120989193,45150629644,"",0,9
false,-1033.6323,-716.3245,-209.9375,71.0,Middle,zweih,76561198210626739,t,-1039.9619,-698.1674,-263.96875,90,Middle,xiELO,76561198141272052,t,false,false,ct,10.660662,13,91,0,true,head,false,false,0,0,t,false,107652,-892.8223,-321.5454,-166.16858,46,Underpass,luchov,76561198067722198,ct,galilar,17293822569116860429,49363953501,"",0,9
false,,,,,,,,,-689.1993,-1080.54,-191.69507,100,Connector,dgt,76561198216891576,ct,false,false,ct,18.78813,3,27,0,false,chest,false,false,0,0,t,true,107931,-520.3264,-360.88806,-167.3125,19,Catwalk,HObbit,76561198028292758,t,ak47,17293822569114501127,52403717539,"",0,9
false,,,,,,,,,-2216.2612,-240.00012,-163.98212,71,BombsiteB,zweih,76561198210626739,t,false,false,ct,23.280832,3,26,0,false,chest,false,false,0,0,t,false,109010,-1930.6954,629.95624,-167.96875,24,BombsiteB,max,76561198242950384,ct,ak47,17293822569170534407,26522352291,"",0,9
false,,,,,,,,,-1872.0377,-304.0589,-167.96875,100,Shop,dgt,76561198216891576,ct,false,false,ct,7.1655827,2,14,0,false,chest,false,false,1,0,t,false,109787,-2124.9727,-181.27783,-168.28564,1,BombsiteB,zweih,76561198210626739,t,ak47,17293822569114501127,52403717539,"",0,9
false,,,,,,,,,-1890.2737,629.05884,-167.96875,57,BombsiteB,xiELO,76561198141272052,t,false,false,ct,18.73888,13,90,0,true,head,false,false,0,0,t,false,110278,-2160.1648,-57.433167,-167.94641,44,BombsiteB,HUASOPEEK,76561198319723208,ct,galilar,17293822569116860429,49363953501,"",0,9
false,,,,,,,,,-1755.0999,630.06696,-168.18335,57,BombsiteB,xiELO,76561198141272052,t,false,false,ct,21.501694,13,89,0,true,head,false,false,0,0,t,false,110379,-1810.1929,-214.56018,-167.86505,78,BombsiteB,dgt,76561198216891576,ct,galilar,17293822569116860429,49363953501,"",0,9
false,,,,,,,,,228.83661,-313.08386,-167.27222,100,TopofMid,HObbit,76561198028292758,t,false,false,ct,26.389664,15,107,0,true,head,false,false,0,0,t,true,118363,-666.91907,-835.3326,-256.78125,100,Middle,dgt,76561198216891576,ct,ak47,17293822569114501127,52403717539,"",0,10
false,,,,,,,,,35.681026,-2303.082,-39.96875,99,PalaceInterior,HUASOPEEK,76561198319723208,ct,false,false,ct,12.213779,19,89,0,true,head,false,false,0,0,t,false,120016,511.02875,-2243.9722,-39.96875,78,PalaceInterior,slaxejezzz,76561198356252021,t,m4a1,17293822569191374864,52159726433,"",0,10
false,,,,,,,,,303.5885,-1527.1818,-175.96875,100,TRamp,xiELO,76561198141272052,t,false,false,ct,19.196947,3,27,0,false,chest,false,false,0,0,t,false,120112,-437.6079,-1530.9366,-39.96875,21,Stairs,luchov,76561198067722198,ct,ak47,17293822569163063303,50929720047,"",0,10
false,,,,,,,,,-450.91113,-2308.8352,-167.96875,100,BombsiteA,meyern,76561198195642865,ct,false,false,ct,28.416426,1,137,0,false,stomach,false,false,0,0,t,false,120504,-667.75726,-1211.0292,-167.96875,100,Connector,HObbit,76561198028292758,t,awp,17293822569120989193,45150629644,"",0,10
false,,,,,,,,,-820.7749,-1306.7377,-167.96875,100,Jungle,zweih,76561198210626739,t,false,false,ct,27.130514,15,106,0,true,head,false,false,0,0,t,false,120505,-450.92383,-2308.838,-167.96875,100,BombsiteA,meyern,76561198195642865,ct,ak47,17293822569144582151,52467896681,"",0,10
false,,,,,,,,,98.52657,-2046.693,-167.96875,95,PalaceInterior,HUASOPEEK,76561198319723208,ct,false,false,ct,29.54005,0,23,0,false,right_leg,false,false,0,0,t,false,120618,-904.93146,-1458.771,-167.96875,14,Jungle,zweih,76561198210626739,t,m4a1,17293822569191374864,52159726433,"",0,10
false,,,,,,,,,-138.33704,-1789.0354,-167.96875,60,BombsiteA,xiELO,76561198141272052,t,false,false,ct,9.179775,15,110,0,true,head,false,false,0,0,t,false,120711,106.90493,-2054.4465,-167.96875,95,PalaceInterior,HUASOPEEK,76561198319723208,ct,ak47,17293822569163063303,50929720047,"",0,10
false,106.99092,-2054.3652,-167.96875,0.0,PalaceInterior,HUASOPEEK,76561198319723208,ct,-1049.5743,-2400.374,-167.96875,100,CTSpawn,max,76561198242950384,ct,false,false,ct,25.58563,4,21,0,false,right_arm,false,false,0,0,t,false,120847,-145.93555,-1956.2269,-114.125,17,BombsiteA,xiELO,76561198141272052,t,m4a1,17293822569134161936,10901627135,"",0,10
false,,,,,,,,,-705.5735,-928.49963,-219.71521,18,Middle,Jame,76561198036125584,t,false,false,ct,28.811203,5,438,0,true,head,false,false,0,0,t,false,122814,-437.9519,-2030.427,-179.96875,100,BombsiteA,max,76561198242950384,ct,awp,17293822569102704649,0,"",0,10
false,,,,,,,,,-783.63074,-1232.7598,-167.96875,98,Connector,dgt,76561198216891576,ct,false,false,ct,4.509758,4,22,0,false,chest,false,false,0,0,t,true,131172,-756.62213,-1057.9958,-167.96875,13,Connector,zweih,76561198210626739,t,m4a1,17293822569122955280,51508198279,"",0,11
false,,,,,,,,,-27.233032,-1676.1473,-167.96875,18,BombsiteA,luchov,76561198067722198,ct,false,false,ct,8.709271,19,88,0,true,head,false,false,0,0,t,false,132825,275.7798,-1516.6378,-175.96875,70,TRamp,HObbit,76561198028292758,t,m4a1_silencer,17293822569167192124,52258558415,"",0,11
false,,,,,,,,,-1763.84,698.0035,-47.96875,100,Apartments,xiELO,76561198141272052,t,false,false,ct,15.006191,20,30,0,false,generic,false,false,0,0,t,false,133068,-1269.7137,400.63156,-167.96875,29,BombsiteB,max,76561198242950384,ct,hegrenade,"","","",0,11
false,,,,,,,,,-2388.3254,619.35254,-78.96875,100,BombsiteB,meyern,76561198195642865,ct,false,false,ct,21.158524,1,110,0,false,chest,false,false,0,0,t,false,133497,-1569.5223,771.9788,-47.96875,100,Apartments,Jame,76561198036125584,t,awp,17293822569116598281,51625669407,"",0,11
false,,,,,,,,,-2204.8472,709.153,-39.71875,100,Truck,xiELO,76561198141272052,t,false,false,ct,5.526212,0,142,0,true,head,false,false,0,0,t,false,133527,-2382.2197,586.39606,-76.21875,18,BombsiteB,meyern,76561198195642865,ct,ak47,17293822569163063303,50929720047,"",0,11
false,-837.567,22.532549,-167.68286,74.0,Catwalk,HUASOPEEK,76561198319723208,ct,-1541.4083,682.83936,-47.96875,98,Apartments,dgt,76561198216891576,ct,false,false,ct,18.512707,0,26,0,false,left_leg,false,false,0,0,t,false,134421,-2234.261,489.3617,-167.96875,3,BombsiteB,xiELO,76561198141272052,t,ak47,17293822569114501127,52403717539,"",0,11
false,,,,,,,,,-2035.0702,697.61755,-47.96875,51,Apartments,xiELO,76561198141272052,t,false,false,ct,6.136611,6,178,0,true,head,false,false,0,0,t,false,141075,-1860.6796,584.93695,-167.96875,100,BombsiteB,max,76561198242950384,ct,deagle,17293822569105129473,51518638862,"",0,12
false,,,,,,,,,-818.8138,182.46323,-173.28699,56,Underpass,luchov,76561198067722198,ct,false,false,ct,30.102972,17,79,0,true,head,false,false,0,0,t,false,141233,-1955.4536,520.47003,-165.71875,54,BombsiteB,zweih,76561198210626739,t,m4a1_silencer,17293822569167192124,52258558415,"",0,12
false,-1110.5826,411.0927,-79.96875,40.0,Apartments,HObbit,76561198028292758,t,-1987.8813,303.69504,-159.96875,78,BombsiteB,Jame,76561198036125584,t,false,false,ct,31.452398,0,21,0,false,left_leg,false,false,0,0,t,false,141680,-752.1152,226.44449,-172.17822,7,Underpass,luchov,76561198067722198,ct,galilar,17293822569116860429,49363953501,"",0,12
false,,,,,,,,,-736.05194,106.320786,-143.96875,77,Catwalk,dgt,76561198216891576,ct,false,false,ct,32.188675,5,26,0,false,stomach,false,false,0,0,t,false,141740,-1983.926,327.48608,-159.96875,3,BombsiteB,Jame,76561198036125584,t,m4a1,17293822569122955280,51508198279,"",0,12
false,,,,,,,,,-2032.4971,697.5903,-47.96875,100,Apartments,slaxejezzz,76561198356252021,t,false,false,ct,37.401386,3,21,0,false,right_arm,false,false,0,0,t,false,141786,-741.6401,-2.4310303,-143.96875,13,Catwalk,HUASOPEEK,76561198319723208,ct,galilar,17293822569154478093,41265223485,"",0,12
false,,,,,,,,,-2012.5726,685.2301,-47.27533,78,Apartments,slaxejezzz,76561198356252021,t,false,false,ct,36.431843,3,21,0,false,chest,false,false,0,0,t,false,141944,-737.6128,35.19638,-143.96875,5,Catwalk,dgt,76561198216891576,ct,galilar,17293822569154478093,41265223485,"",0,12
false,-1938.3866,259.38617,-159.96875,38.0,BombsiteB,HObbit,76561198028292758,t,-2338.4417,122.322685,-167.96875,22,BombsiteB,xiELO,76561198141272052,t,false,false,ct,5.127261,6,181,0,true,head,false,false,0,0,t,false,143621,-2353.4094,-76.94116,-165.87122,51,BombsiteB,meyern,76561198195642865,ct,deagle,17293822569105129473,51518638862,"",0,12
false,,,,,,,,,5.8636503,-1922.7418,-167.96875,100,BombsiteA,slaxejezzz,76561198356252021,ct,false,false,ct,9.913337,0,130,0,true,head,false,false,0,0,t,false,158022,-161.65857,-2278.3176,-167.96875,82,BombsiteA,HUASOPEEK,76561198319723208,t,usp_silencer,17293822569196486717,52565656904,"",0,13
false,,,,,,,,,125.26988,-1992.4985,-167.96875,65,PalaceInterior,luchov,76561198067722198,t,false,false,ct,2.0585904,0,117,0,true,head,false,false,0,0,t,false,158156,89.49313,-1922.2043,-167.96875,100,BombsiteA,slaxejezzz,76561198356252021,ct,glock,17293822569181872132,52158655151,"",0,13
false,,,,,,,,,-1235.2593,-1234.1805,-167.96875,100,CTSpawn,Jame,76561198036125584,ct,false,false,ct,41.125637,0,103,0,true,head,false,false,0,0,t,false,158195,67.114845,-2188.1753,-39.96875,100,PalaceInterior,meyern,76561198195642865,t,usp_silencer,17293822569174925373,24292220794,"",0,13
false,,,,,,,,,-885.66187,-2312.64,-168.41467,86,BombsiteA,max,76561198242950384,t,false,false,ct,17.67193,0,95,0,true,head,false,false,0,0,t,false,159607,-1565.5453,-2191.0732,-252.24121,89,CTSpawn,zweih,76561198210626739,ct,glock,17293822569102704644,0,"",0,13
false,,,,,,,,,-766.1804,-569.17883,-266.3542,100,Middle,xiELO,76561198141272052,ct,false,false,ct,14.524366,0,125,0,true,head,false,false,0,0,t,false,159962,-550.9276,-1089.5223,-167.96875,85,Connector,dgt,76561198216891576,t,usp_silencer,17293822569135734845,45080861782,"",0,13
false,,,,,,,,,-608.258,-921.4168,-223.25665,100,Middle,xiELO,76561198141272052,ct,false,false,ct,20.990236,0,120,0,true,head,false,false,0,0,t,false,160165,-795.8075,-1721.3046,-151.9339,84,BombsiteA,max,76561198242950384,t,usp_silencer,17293822569135734845,45080861782,"",0,13
false,,,,,,,,,-206.03815,-1954.5519,-167.96875,30,BombsiteA,luchov,76561198067722198,t,false,false,ct,20.187962,0,92,0,true,head,false,false,0,0,t,false,160214,-889.90857,-2357.566,-167.96875,40,CTSpawn,HObbit,76561198028292758,ct,glock,17293822569181872132,52158655151,"",0,13
false,,,,,,,,,-150.58484,-2100.2373,-167.96875,30,BombsiteA,luchov,76561198067722198,t,false,false,ct,12.273357,0,102,0,true,head,false,false,0,0,t,false,160499,-487.8402,-1760.0342,-177.11145,100,BombsiteA,xiELO,76561198141272052,ct,glock,17293822569181872132,52158655151,"",0,13
false,,,,,,,,,-114.03473,-2216.203,-167.96875,30,BombsiteA,luchov,76561198067722198,t,false,false,ct,12.713107,0,102,0,true,head,false,false,0,0,t,false,160864,-371.49683,-1785.5966,-167.96875,88,BombsiteA,Jame,76561198036125584,ct,glock,17293822569181872132,52158655151,"",0,13
false,,,,,,,,,273.65823,-1470.0488,-175.96875,79,TRamp,HUASOPEEK,76561198319723208,t,false,false,ct,13.013052,0,90,0,true,head,false,false,1,0,t,false,164191,-50.51001,-1866.725,-167.96875,71,BombsiteA,HObbit,76561198028292758,ct,galilar,17293822569130754061,51740217357,"",0,14
false,-302.4596,-1609.2001,-167.96875,79.0,BombsiteA,HUASOPEEK,76561198319723208,t,26.760923,-2311.4712,-39.96875,79,PalaceInterior,dgt,76561198216891576,t,false,false,ct,6.724763,0,29,0,false,chest,false,false,0,0,t,true,164962,73.87669,-2050.7773,-39.96875,25,PalaceInterior,xiELO,76561198141272052,ct,galilar,17293822569130754061,38831224886,"",0,14
false,-304.49445,-1579.474,-167.96875,60.0,BombsiteA,HUASOPEEK,76561198319723208,t,-58.22113,-2073.2593,-167.96875,100,BombsiteA,max,76561198242950384,t,false,false,ct,8.250549,0,35,0,false,chest,false,false,0,0,t,false,165055,-359.58136,-2196.2563,-173.88275,6,BombsiteA,slaxejezzz,76561198356252021,ct,ak47,17293822569196093447,52158661684,"",0,14
false,,,,,,,,,-186.30505,-2186.3171,-167.96875,36,BombsiteA,max,76561198242950384,t,false,false,ct,13.243051,0,35,0,false,right_arm,false,false,0,0,t,true,165275,-687.7814,-2328.9524,-176.6742,22,BombsiteA,zweih,76561198210626739,ct,ak47,17293822569196093447,52158661684,"",0,14
false,-180.33319,-2341.3442,-167.96875,36.0,BombsiteA,max,76561198242950384,t,-583.69617,-2062.7114,-53.96875,60,BombsiteA,HUASOPEEK,76561198319723208,t,false,false,ct,16.059656,0,66,0,true,head,false,false,2,0,t,false,165403,-1000.481,-2519.6943,-167.96875,32,CTSpawn,Jame,76561198036125584,ct,galilar,17293822569130754061,51740217357,"",0,14
false,,,,,,,,,-802.63806,-915.336,-167.96875,79,Middle,xiELO,76561198141272052,ct,false,false,ct,36.918888,4,22,0,false,chest,false,false,0,0,t,true,168637,403.17285,-103.931885,-162.96875,1,TopofMid,meyern,76561198195642865,t,m4a1_silencer,17293822569126297660,49363953488,"",0,15
false,-739.1345,-252.27411,-159.96875,33.0,Catwalk,Jame,76561198036125584,ct,-701.8537,-816.1207,-263.96875,100,Middle,slaxejezzz,76561198356252021,ct,false,false,ct,23.201307,5,23,0,false,chest,false,false,0,0,t,false,168677,188.30472,-645.1221,-162.73859,6,TopofMid,luchov,76561198067722198,t,m4a1_silencer,17293822569169354812,52468123987,"",0,15
false,,,,,,,,,-1222.656,-1526.4149,-152.80054,100,Jungle,slaxejezzz,76561198356252021,ct,false,false,ct,21.84229,17,83,0,true,head,false,false,0,0,t,false,172368,-1103.8184,-675.22955,-134.96875,70,Middle,max,76561198242950384,t,m4a1_silencer,17293822569169354812,52468123987,"",0,15
false,,,,,,,,,-97.91638,-378.36346,-167.95776,26,Catwalk,HUASOPEEK,76561198319723208,t,false,false,ct,28.907692,0,114,0,true,head,false,false,0,0,t,false,172830,-1181.9598,-722.32336,-167.96875,79,SnipersNest,xiELO,76561198141272052,ct,galilar,17293822569130754061,51740217357,"",0,15
false,188.30472,-645.1221,-162.73859,0.0,TopofMid,luchov,76561198067722198,t,841.2655,-1048.68,-258.95184,17,PalaceAlley,dgt,76561198216891576,t,false,false,ct,7.4151673,0,142,0,true,head,false,false,0,0,t,false,174126,1001.2206,-1252.6714,-108.96875,33,PalaceAlley,Jame,76561198036125584,ct,ak47,17293822569196093447,52158661684,"",0,15
false,,,,,,,,,-1055.2369,-565.53894,-263.96875,47,Middle,xiELO,76561198141272052,ct,false,false,ct,31.957739,4,22,0,false,chest,false,false,0,0,t,true,177320,200.03477,-536.3808,-161.85352,1,TopofMid,max,76561198242950384,t,m4a1_silencer,17293822569141174332,29775541710,"",0,16
false,,,,,,,,,-692.6932,-798.1015,-263.96875,14,Middle,slaxejezzz,76561198356252021,ct,false,false,ct,31.516382,4,22,0,false,chest,false,false,0,0,t,true,177394,458.5645,-345.94446,-159.96875,23,TopofMid,luchov,76561198067722198,t,m4a1_silencer,17293822569169354812,52468123987,"",0,16
false,458.5645,-345.94446,-159.96875,0.0,TopofMid,luchov,76561198067722198,t,-205.43262,-1843.4133,-167.96875,100,BombsiteA,HUASOPEEK,76561198319723208,t,false,false,ct,22.783022,0,115,0,true,head,false,false,0,0,t,false,177995,-986.8284,-1397.7072,-167.0393,14,Jungle,slaxejezzz,76561198356252021,ct,galilar,17293822569130754061,51740217357,"",0,16
false,200.03938,-536.64734,-161.79163,0.0,TopofMid,max,76561198242950384,t,-431.2732,-1733.3667,-170.89807,100,BombsiteA,dgt,76561198216891576,t,false,false,ct,23.85251,3,26,0,false,chest,false,false,0,0,t,false,178226,-1231.1849,-1241.5713,-167.96875,21,CTSpawn,xiELO,76561198141272052,ct,ak47,17293822569196093447,52158661684,"",0,16
false,,,,,,,,,-593.00836,-1313.2543,-167.96875,100,BombsiteA,HObbit,76561198028292758,ct,false,false,ct,23.478127,17,82,0,true,head,false,false,0,0,t,false,178434,-474.2838,-2230.0242,-175.97906,78,BombsiteA,meyern,76561198195642865,t,m4a1_silencer,17293822569141174332,29775541710,"",0,16
false,,,,,,,,,-1357.2509,-2407.3499,-211.46155,100,CTSpawn,Jame,76561198036125584,ct,false,false,ct,27.969942,6,29,0,false,stomach,false,false,0,0,t,false,178655,-284.65344,-2159.1692,-173.84924,8,BombsiteA,HUASOPEEK,76561198319723208,t,m4a1_silencer,17293822569169354812,52468123987,"",0,16
false,,,,,,,,,-1297.3164,-1161.0383,-167.96875,100,CTSpawn,zweih,76561198210626739,ct,false,false,ct,37.07062,3,17,0,false,stomach,false,false,1,0,t,false,178928,-174.55829,-2093.4824,-167.96875,4,BombsiteA,dgt,76561198216891576,t,m4a1,17293822569122955280,50647160065,"",0,16
false,,,,,,,,,-1176.5941,-537.5885,-167.96875,100,SnipersNest,Jame,76561198036125584,ct,false,false,ct,34.871,1,136,0,false,stomach,false,false,0,0,t,false,181444,192.12463,-644.28314,-162.33661,100,TopofMid,dgt,76561198216891576,t,awp,17293822569156378633,50766264369,"",0,17
false,,,,,,,,,428.9953,-207.54443,-161.4674,100,TopofMid,luchov,76561198067722198,t,false,false,ct,40.9972,4,114,0,true,head,false,false,0,0,t,true,181813,-1128.2651,-626.3483,-167.96875,100,SnipersNest,slaxejezzz,76561198356252021,ct,deagle,17293822569171779585,52158607599,"",0,17
false,,,,,,,,,-718.75916,-970.22034,-215.96875,67,Connector,HUASOPEEK,76561198319723208,t,false,false,ct,31.98508,15,106,0,true,head,false,false,0,0,t,false,185237,-753.1218,288.10812,-164.15216,100,Underpass,zweih,76561198210626739,ct,ak47,17293822569103622151,52726141473,"",0,17
false,,,,,,,,,-574.6458,-344.06274,-167.9289,51,Catwalk,xiELO,76561198141272052,ct,false,false,ct,31.81194,0,34,0,false,chest,false,false,0,0,t,false,185826,-775.5555,-1579.4849,-167.96875,32,BombsiteA,luchov,76561198067722198,t,ak47,17293822569149038599,52576952348,"",0,17
false,-1126.8894,-626.3561,-167.96875,0.0,SnipersNest,slaxejezzz,76561198356252021,ct,-679.0604,-344.85974,-159.96875,51,Catwalk,xiELO,76561198141272052,ct,false,false,ct,25.056307,0,138,0,true,head,false,false,0,0,t,false,186066,-643.202,-1331.3324,-167.96875,67,BombsiteA,HUASOPEEK,76561198319723208,t,ak47,17293822569149038599,52576952348,"",0,17
false,,,,,,,,,-205.62946,-2355.263,-167.96875,100,BombsiteA,HObbit,76561198028292758,ct,false,false,ct,21.854774,0,82,0,true,head,false,false,0,0,t,false,186957,-477.4497,-1549.3488,-39.96875,75,Stairs,max,76561198242950384,t,mp9,17293822569104867362,27861649636,"",0,17
false,-1002.27954,-198.68243,-53.203125,4.0,Ladder,xiELO,76561198141272052,ct,-282.224,-2192.394,-170.78796,100,BombsiteA,HObbit,76561198028292758,ct,false,false,ct,11.66754,0,17,0,false,right_leg,false,false,0,0,t,false,187535,-397.81543,-1794.0339,-6.890625,6,Stairs,meyern,76561198195642865,t,mp9,17293822569104867362,27861649636,"",0,17
false,,,,,,,,,188.20732,-2342.713,-39.96875,100,PalaceInterior,dgt,76561198216891576,t,false,false,ct,35.866196,3,27,0,false,stomach,false,false,0,0,t,false,193136,-827.6348,-1369.9308,-167.96875,2,Jungle,slaxejezzz,76561198356252021,ct,galilar,17293822569130754061,38831224886,"",0,18
false,114.39889,-2374.5247,-39.96875,100.0,PalaceInterior,meyern,76561198195642865,t,62.255848,-2356.703,-39.96875,86,PalaceInterior,dgt,76561198216891576,t,false,false,ct,8.335699,13,91,0,true,head,false,false,0,0,t,false,194695,52.187508,-2027.3092,-39.96875,62,PalaceInterior,HObbit,76561198028292758,ct,galilar,17293822569130754061,38831224886,"",0,18
false,,,,,,,,,-2517.962,224.84169,-167.96875,41,BombsiteB,zweih,76561198210626739,ct,false,false,ct,38.37196,4,21,0,false,chest,false,false,0,0,t,false,197487,-1008.57135,291.46893,-165.69055,9,Underpass,luchov,76561198067722198,t,m4a1,17293822569158017040,35801920474,"",0,18
false,,,,,,,,,-2266.5364,349.9635,-164.60187,100,BombsiteB,zweih,76561198210626739,ct,false,false,ct,36.957485,1,136,0,false,stomach,false,false,0,0,t,false,204955,-839.45856,79.6145,-165.96875,100,Catwalk,luchov,76561198067722198,t,awp,17293822569156378633,50766264369,"",0,19
false,,,,,,,,,-2494.7822,323.65863,-167.96875,100,BombsiteB,zweih,76561198210626739,ct,false,false,ct,41.071392,5,434,0,true,head,false,false,0,0,t,false,205234,-895.37225,80.65506,-165.96875,100,Underpass,meyern,76561198195642865,t,awp,17293822569156378633,50766264369,"",0,19
false,-2348.007,-355.47174,-167.96875,100.0,Shop,slaxejezzz,76561198356252021,ct,-1443.3715,-2361.9036,-231.71545,100,CTSpawn,HObbit,76561198028292758,ct,false,false,ct,39.193516,18,84,0,true,head,false,false,0,0,t,false,205582,-1665.0504,-835.5251,-165.96875,48,CTSpawn,max,76561198242950384,t,m4a1,17293822569184952336,50590029608,"",0,19
false,,,,,,,,,-1911.049,748.7494,-47.96875,53,Apartments,HUASOPEEK,76561198319723208,t,false,false,ct,21.933556,4,33,0,false,stomach,false,false,0,0,t,true,205732,-2591.5,235.60843,-167.87744,20,BombsiteB,zweih,76561198210626739,ct,ak47,17293822569163063303,52581997602,"",0,19
false,,,,,,,,,-1143.6774,295.9372,-159.96875,53,BombsiteB,HUASOPEEK,76561198319723208,t,false,false,ct,12.627021,15,109,0,true,head,false,false,0,0,t,false,206129,-746.98987,-5.1905518,-143.96875,100,Underpass,xiELO,76561198141272052,ct,ak47,17293822569163063303,52581997602,"",0,19
false,-2254.5474,545.63416,-162.50818,100.0,BombsiteB,slaxejezzz,76561198356252021,ct,-608.1513,-954.65656,-215.96875,82,Connector,Jame,76561198036125584,ct,false,false,ct,27.427021,1,137,0,false,stomach,false,false,0,0,t,false,206323,-825.06116,97.270096,-168.6001,53,Catwalk,HUASOPEEK,76561198319723208,t,awp,17293822569125249033,23879660671,"",0,19
false,-2192.5928,500.13943,-167.96875,76.0,BombsiteB,slaxejezzz,76561198356252021,ct,-1751.7672,33.91497,-167.60828,100,BombsiteB,HObbit,76561198028292758,ct,false,false,ct,13.851161,3,27,0,false,chest,false,false,0,0,t,false,206837,-2218.2354,-247.34381,-163.95685,27,BombsiteB,dgt,76561198216891576,t,ak47,17293822569102704647,0,"",0,19
false,-1110.7063,-2232.3118,-173.8219,55.0,CTSpawn,HUASOPEEK,76561198319723208,t,-1061.7969,-2480.8618,-167.96875,72,BombsiteA,luchov,76561198067722198,t,false,false,ct,6.545521,22,59,0,true,head,false,false,0,0,t,false,211361,-1017.06573,-2232.0771,-112.90265,59,CTSpawn,zweih,76561198210626739,ct,mac10,17293822569178988561,52158623335,"",0,20
false,,,,,,,,,-921.8372,-2583.4753,-167.96875,97,CTSpawn,HObbit,76561198028292758,ct,false,false,ct,3.8058882,6,28,0,false,stomach,false,false,0,0,t,false,211399,-1037.9268,-2486.9644,-167.96875,3,BombsiteA,luchov,76561198067722198,t,m4a1,17293822569158017040,35801920474,"",0,20
false,,,,,,,,,-921.6866,-2563.182,-167.96875,97,CTSpawn,HObbit,76561198028292758,ct,false,false,ct,9.684533,6,28,0,false,stomach,false,false,0,0,t,false,211422,-1110.2013,-2232.0625,-173.73749,26,CTSpawn,HUASOPEEK,76561198319723208,t,m4a1,17293822569158017040,35801920474,"",0,20
false,,,,,,,,,-1005.1032,-2345.0198,-167.96875,98,BombsiteA,max,76561198242950384,t,false,false,ct,5.5688004,4,27,0,false,chest,false,false,0,0,t,false,211488,-913.6054,-2543.586,-167.96875,21,CTSpawn,HObbit,76561198028292758,ct,ak47,17293822569102704647,0,"",0,20
false,,,,,,,,,-879.7539,-2272.0237,-170.745,98,BombsiteA,max,76561198242950384,t,false,false,ct,5.0351067,16,110,0,true,head,false,false,0,0,t,false,212218,-707.758,-2171.6921,-179.96875,100,BombsiteA,xiELO,76561198141272052,ct,ak47,17293822569102704647,0,"",0,20
false,,,,,,,,,-30.862244,-1528.2893,-167.96875,97,BombsiteA,dgt,76561198216891576,t,false,false,ct,30.65512,0,25,0,false,right_leg,false,false,0,0,t,false,213151,-753.67053,-2495.4888,-167.96875,14,BombsiteA,slaxejezzz,76561198356252021,ct,ak47,17293822569149038599,52576952348,"",0,20
false,,,,,,,,,332.24155,-2358.232,-39.96875,100,PalaceInterior,dgt,76561198216891576,t,false,false,ct,7.922722,0,142,0,true,head,false,false,0,0,t,false,217858,29.391552,-2284.7483,-39.96875,100,PalaceInterior,HObbit,76561198028292758,ct,ak47,17293822569103622151,52726141473,"",0,21
false,-982.27545,-1527.9435,-165.94751,100.0,Jungle,slaxejezzz,76561198356252021,ct,69.41879,-2094.115,-39.96875,8,PalaceInterior,dgt,76561198216891576,t,false,false,ct,0.0,0,8,0,false,-1,false,false,0,0,t,false,218255,69.41879,-2094.115,-39.96875,8,PalaceInterior,dgt,76561198216891576,t,inferno,"","","",0,21
false,,,,,,,,,-666.27844,-2467.275,-167.96875,30,BombsiteA,luchov,76561198067722198,t,false,false,ct,29.685766,15,106,0,true,head,false,false,0,0,t,true,219440,-798.1274,-1306.1223,-167.96875,39,Jungle,xiELO,76561198141272052,ct,ak47,17293822569149038599,52576952348,"",0,21
false,-1648.9968,-1920.9751,-267.99103,73.0,CTSpawn,zweih,76561198210626739,ct,-761.8106,-1318.8109,-167.96875,100,BombsiteA,slaxejezzz,76561198356252021,ct,false,false,ct,25.691282,4,21,0,false,chest,false,false,0,0,t,false,219699,-369.38367,-2250.974,-169.45459,2,BombsiteA,HUASOPEEK,76561198319723208,t,m4a1,17293822569154674704,26522352276,"",0,21
false,,,,,,,,,-721.7892,-2174.7515,-179.96875,30,BombsiteA,luchov,76561198067722198,t,false,false,ct,21.951942,0,139,0,true,head,false,false,0,0,t,false,219812,-770.9046,-1312.2925,-167.96875,100,Jungle,slaxejezzz,76561198356252021,ct,ak47,17293822569149038599,52576952348,"",0,21
false,,,,,,,,,-766.02844,-2100.2056,-179.96875,30,BombsiteA,luchov,76561198067722198,t,false,false,ct,20.630287,15,108,0,true,head,false,false,0,0,t,false,219929,-504.48413,-1331.3651,-159.96875,6,Stairs,Jame,76561198036125584,ct,ak47,17293822569149038599,52576952348,"",0,21
false,-797.2608,-1306.0626,-167.96875,0.0,Jungle,xiELO,76561198141272052,ct,-1573.2452,-734.6367,-167.96875,73,CTSpawn,zweih,76561198210626739,ct,false,false,ct,15.130101,19,89,0,true,head,false,false,0,0,t,false,220840,-1151.4528,-1155.3014,-167.96875,30,CTSpawn,luchov,76561198067722198,t,m4a1,17293822569122955280,50647160065,"",0,21
false,,,,,,,,,-1012.98926,394.81616,-367.96875,35,Underpass,HUASOPEEK,76561198319723208,t,false,false,ct,20.574055,15,108,0,true,head,false,false,0,0,t,false,224383,-1047.4979,-412.99268,-329.46875,7,Underpass,xiELO,76561198141272052,ct,ak47,17293822569163063303,52581997602,"",0,22
false,,,,,,,,,1388.1183,-1181.8126,-167.96875,100,TSpawn,dgt,76561198216891576,t,false,false,ct,16.298618,0,140,0,true,head,false,false,0,0,t,false,225357,755.38385,-1170.1339,-260.23535,100,PalaceAlley,HObbit,76561198028292758,ct,ak47,17293822569163063303,52581997602,"",0,22
false,,,,,,,,,-579.31824,615.9571,-79.19983,100,BackAlley,max,76561198242950384,t,false,false,ct,14.167572,0,140,0,true,head,false,false,0,0,t,false,227419,-1136.4716,598.9465,-79.96875,19,Apartments,zweih,76561198210626739,ct,ak47,17293822569102704647,0,"",0,22
false,,,,,,,,,966.7464,-1056.7904,-261.7157,100,PalaceAlley,slaxejezzz,76561198356252021,ct,false,false,ct,12.392728,17,80,0,true,head,false,false,0,0,t,false,227681,1364.5431,-1321.526,-167.96875,20,PalaceInterior,dgt,76561198216891576,t,famas,17293822569102704650,0,"",0,22
false,,,,,,,,,-958.8041,-68.10602,-167.96875,73,Catwalk,slaxejezzz,76561198356252021,ct,false,false,ct,7.7064843,4,20,0,false,chest,false,false,0,0,t,false,229706,-1162.8486,-267.4355,-55.96875,19,Ladder,luchov,76561198067722198,t,famas,17293822569102704650,0,"",0,22
false,-1162.8486,-267.4355,-55.96875,0.0,Ladder,luchov,76561198067722198,t,-2020.4132,350.49503,-159.96875,100,BombsiteB,meyern,76561198195642865,t,false,false,ct,18.268744,0,139,0,true,head,false,false,0,0,t,false,230828,-1327.5173,166.97711,-165.73914,73,BombsiteB,slaxejezzz,76561198356252021,ct,ak47,17293822569149038599,52576952348,"",0,22
false,-1997.6597,458.8604,-159.96875,46.0,BombsiteB,meyern,76561198195642865,t,-2322.3894,451.57806,-167.96875,19,BombsiteB,HUASOPEEK,76561198319723208,t,false,false,ct,12.670935,0,141,0,true,head,false,false,0,0,t,false,230946,-2098.326,5.5377717,-167.96875,66,BombsiteB,Jame,76561198036125584,ct,ak47,17293822569163063303,52581997602,"",0,22
